Provincia,Diseño institucional,Cámara,Apellido,Nombre,Bloque,Período,Género
Buenos Aires,Bicameral,Diputados,Abad,Maximiliano,Juntos,2019-2023,M
Buenos Aires,Bicameral,Diputados,Pascualin,Julio,Juntos,2021-2025,M
Buenos Aires,Bicameral,Diputados,Panebianco,Johanna Pamela,Juntos,2021-2025,F
Buenos Aires,Bicameral,Diputados,Otermin,Federico,Frente de todos,2019-2023,M
Buenos Aires,Bicameral,Diputados,Olivetto,Micaela Edith,Frente de todos,2021-2025,F
Buenos Aires,Bicameral,Diputados,Natalí,Lorenzo Juan,Juntos,2021-2025,F
Buenos Aires,Bicameral,Diputados,Moreno,Carlos Julio,Juntos,2021-2025,M
Buenos Aires,Bicameral,Diputados,Moragues,Santos Constanza,Frente de todos,2021-2025,M
Buenos Aires,Bicameral,Diputados,Molle,Matias,Avanza Libertad,2021-2025,M
Buenos Aires,Bicameral,Diputados,Molina,Martiniano,Frente de todos,2019-2023,M
Buenos Aires,Bicameral,Diputados,Miranda,Valentin,Juntos,2021-2025,M
Buenos Aires,Bicameral,Diputados,Mignaquy,Javier Carlos,Juntos,2019-2023,M
Buenos Aires,Bicameral,Diputados,Mesias,Nazarena Carla,Frente de todos,2019-2023,F
Buenos Aires,Bicameral,Diputados,Malpeli,Juan mMartín,Frente de todos,2021-2025,M
Buenos Aires,Bicameral,Diputados,Lorden,María Alejandra,Juntos,2019-2023,F
Buenos Aires,Bicameral,Diputados,Lopez,Roxana Alejandra,Juntos,2019-2023,F
Buenos Aires,Bicameral,Diputados,Lipovetzky,Daniel Andrés,Frente de todos,2019-2023,M
Buenos Aires,Bicameral,Diputados,Laroque del Caro,Berenice Ivana,Juntos,2019-2023,F
Buenos Aires,Bicameral,Diputados,Larroque,Mariana,Frente de todos,2021-2025,F
Buenos Aires,Bicameral,Diputados,Klug,Lucía Lorena,Frente de todos,2021-2025,F
Buenos Aires,Bicameral,Diputados,Passaglia,Ismael Santiago,Juntos,2019-2023,M
Buenos Aires,Bicameral,Diputados,Peralta,Ramos Anastasia,Juntos,2021-2025,M
Buenos Aires,Bicameral,Diputados,Perechodnik,Fabián,Frente de todos,2019-2023,M
Buenos Aires,Bicameral,Diputados,Perez,Juan José,Frente de todos,2021-2025,M
Buenos Aires,Bicameral,Diputados,Zuccari,Vanesa,Juntos,2019-2023,F
Buenos Aires,Bicameral,Diputados,Viviani,Mauricio Andrés,Juntos,2019-2023,M
Buenos Aires,Bicameral,Diputados,Valicenti,Cesar Daniel,Juntos,2019-2023,M
Buenos Aires,Bicameral,Diputados,Urrelli,Adrián Gonzalo,Frente de todos,2019-2023,M
Buenos Aires,Bicameral,Diputados,Sotelo Larcher,Nahuel,Juntos,2021-2025,M
Buenos Aires,Bicameral,Diputados,Siciliano,Sergio Hernán,Avanza Libertad,2021-2025,M
Buenos Aires,Bicameral,Diputados,Sanchez Jauregui,Natalia Andrea,Juntos,2019-2023,F
Buenos Aires,Bicameral,Diputados,Salbitano,Nora Rosana,Frente de todos,2019-2023,F
Buenos Aires,Bicameral,Diputados,RUSSO,Nicolás,Frente de todos,2019-2023,M
Buenos Aires,Bicameral,Diputados,Kane,Guillermo,Frente de todos,2021-2025,M
Buenos Aires,Bicameral,Diputados,Ruiz,Noelia Florencia,Frente de todos,2021-2025,F
Buenos Aires,Bicameral,Diputados,Rossi,José Ignasio,Juntos,2019-2023,M
Buenos Aires,Bicameral,Diputados,Rossi,Claudio Alberto,Frente de todos,2019-2023,M
Buenos Aires,Bicameral,Diputados,Rolleri,Ricardo Luis,Juntos,2021-2025,M
Buenos Aires,Bicameral,Diputados,Ricchini,Maria Laura,Frente de todos,2021-2025,F
Buenos Aires,Bicameral,Diputados,Retamoso,María Florencia,Juntos,2019-2023,F
Buenos Aires,Bicameral,Diputados,Rasquetti,Ayelén Itatí,Juntos,2021-2025,F
Buenos Aires,Bicameral,Diputados,Ranzini,Matias Fernando,Frente de todos,2021-2025,M
Buenos Aires,Bicameral,Diputados,Quntero Chasman,Julieta Elizabeth,Juntos,2021-2025,F
Buenos Aires,Bicameral,Diputados,Pugleelli,Carlos Javier,Juntos,2021-2025,M
Buenos Aires,Bicameral,Diputados,Rovello,Fernando,Juntos,2019-2023,M
Buenos Aires,Bicameral,Diputados,Indarte,Débora Silvina,Frente de Izquierda de los Trabajadores,2021-2025,F
Buenos Aires,Bicameral,Diputados,Padulo,Luciana,Juntos,2019-2023,F
Buenos Aires,Bicameral,Diputados,Guzzo,Viviana Raquel,Frente de todos,2021-2025,F
Buenos Aires,Bicameral,Diputados,Carusso,Walter Héctor,Cambio Federal,2019-2023,M
Buenos Aires,Bicameral,Diputados,Carrara,Juan Bautista María,Juntos,2019-2023,M
Buenos Aires,Bicameral,Diputados,Campbell,Alexander Malcolm,Juntos,2019-2023,M
Buenos Aires,Bicameral,Diputados,Calderón,Graciela Beatriz,Izq. Socialista en Fte.Izq-Unid,2021-2025,F
Buenos Aires,Bicameral,Diputados,Bustos,Maria Paula,Juntos,2021-2025,F
Buenos Aires,Bicameral,Diputados,Buitagro,Catalina Maria,Juntos,2019-2023,F
Buenos Aires,Bicameral,Diputados,Bugallo Di Prinzio,Luciano David,Juntos,2019-2023,M
Buenos Aires,Bicameral,Diputados,Brunelli,Naldo Raúl Adalberto,Frente de todos,2021-2025,M
Buenos Aires,Bicameral,Diputados,Brizzi,María Eugenia,Juntos,2019-2023,F
Buenos Aires,Bicameral,Diputados,Cascallares,Mariano,Frente de todos,2021-2025,M
Buenos Aires,Bicameral,Diputados,Britos,Favio Gustavo,17 de Noviembre,2019-2023,M
Buenos Aires,Bicameral,Diputados,Bevilaccua,Maria Fernanda,Frente de todos,2021-2025,F
Buenos Aires,Bicameral,Diputados,Barbieri,Verónica Mabel,Juntos,2019-2023,F
Buenos Aires,Bicameral,Diputados,Balbin,Emiliano,Juntos,2021-2025,M
Buenos Aires,Bicameral,Diputados,Archanco,Juan Ariel,Frente de todos,2021-2025,M
Buenos Aires,Bicameral,Diputados,Arata,María Valeria,Frente de todos,2019-2023,F
Buenos Aires,Bicameral,Diputados,Iañez,Lucía,Frente de todos,2019-2023,F
Buenos Aires,Bicameral,Diputados,Alvarado,Maite Milagros,Frente de todos,2021-2025,F
Buenos Aires,Bicameral,Diputados,Alonso,Soledad Aantonia,Frente de todos,2019-2023,F
Buenos Aires,Bicameral,Diputados,Abarca,Walter Jose,Frente de todos,2019-2023,M
Buenos Aires,Bicameral,Diputados,Bilbao,Anahí Silvina,Juntos,2021-2025,F
Buenos Aires,Bicameral,Diputados,Casatello,Guillermo Ricardo,Avanza Libertad,2021-2025,M
Buenos Aires,Bicameral,Diputados,Antonijevic,FERNANDA,Juntos,2021-2025,F
Buenos Aires,Bicameral,Diputados,Conocchiari,Alberto Ruben,Frente de todos,2019-2023,M
Buenos Aires,Bicameral,Diputados,Compagnoni,Fernando Matías,Juntos,2021-2025,M
Buenos Aires,Bicameral,Diputados,Greco,Melisa Gisela,Frente de todos,2019-2023,F
Buenos Aires,Bicameral,Diputados,Gonzalez,Susana Haydee,Frente de todos,2019-2023,F
Buenos Aires,Bicameral,Diputados,Gomez Parodi,Juan Miguel,Frente de todos,2021-2025,M
Buenos Aires,Bicameral,Diputados,GOMEZ,Abigail Gabriela,Frente de todos,2019-2023,F
Buenos Aires,Bicameral,Diputados,Galan,Débora Sabrina,Juntos,2021-2025,F
Buenos Aires,Bicameral,Diputados,Frangul,Claudio Gustavo,Frente de todos,2019-2023,M
Buenos Aires,Bicameral,Diputados,Faroni,Marcela Viviana,Juntos,2021-2025,F
Buenos Aires,Bicameral,Diputados,Etchecoin,Moro Maricel,Frente de todos,2019-2023,F
Buenos Aires,Bicameral,Diputados,Eslaiman,Hector Rubén,Juntos,2019-2023,M
Buenos Aires,Bicameral,Diputados,Grana,Adrian Eduardo,Juntos,2019-2023,M
Buenos Aires,Bicameral,Diputados,Dominguez Yelpo,Sergio Martín,Juntos,2021-2025,M
Buenos Aires,Bicameral,Diputados,Domenichini,Pablo Matías,Cambio Federal,2019-2023,M
Buenos Aires,Bicameral,Diputados,Dirolli,Viviana Andrea,Juntos,2021-2025,F
Buenos Aires,Bicameral,Diputados,Dichiara,Emrique Alejandro,Juntos,2021-2025,M
Buenos Aires,Bicameral,Diputados,Diaz,FERNANDA,Frente de todos,2021-2025,F
Buenos Aires,Bicameral,Diputados,Dicesare,German,Frente de todos,2021-2025,M
Buenos Aires,Bicameral,Diputados,De Jesus,Juan Pablo,Frente de todos,2019-2023,M
Buenos Aires,Bicameral,Diputados,Dziakowski,Natalia Lorena,Frente de todos,2019-2023,F
Buenos Aires,Bicameral,Diputados,Cubria,Patricia,Frente de todos,2019-2023,F
Catamarca,Bicameral,Diputados,Figueroa,Castellano Ramón,Frente de Todos,2019-2023,M
Catamarca,Bicameral,Diputados,Fernandez,Juana,Unión Cívica Radical,2019-2023,F
Catamarca,Bicameral,Diputados,Fedeli,Paola,Frente de Todos,2019-2023,F
Catamarca,Bicameral,Diputados,Fadel,Luis,Unión Cívica Radical,2021-2025,M
Catamarca,Bicameral,Diputados,Diaz,Adriana,Frente de Todos,2015-2021,F
Catamarca,Bicameral,Diputados,Denett,Juan,Frente de Todos,2021-2025,M
Catamarca,Bicameral,Diputados,Corpacci,Hugo,Frente de Todos,2019-2023,M
Catamarca,Bicameral,Diputados,Brizuela,Analía,Frente de Todos,2019-2023,F
Catamarca,Bicameral,Diputados,Castro,Pablo,Frente de Todos,2021-2025,M
Catamarca,Bicameral,Diputados,Carrizo,Silvana,Unión Cívica Radical,2021-2025,F
Catamarca,Bicameral,Diputados,Barros,Augusto,Frente de Todos,2019-2023,M
Catamarca,Bicameral,Diputados,Avila,Hugo,Unidad Ciudadana - Bloque Unipersonal,2021-2025,M
Catamarca,Bicameral,Diputados,Argerich,María,Frente de Todos,2021-2025,F
Catamarca,Bicameral,Diputados,Andrada,Laura Marina,Consenso Federal - Bloque Unipersonal,2019-2023,F
Catamarca,Bicameral,Diputados,Gambarella,Cynthia,Frente de Todos,2019-2023,F
Catamarca,Bicameral,Diputados,Andrada,Eduardo,Frente de Todos,2021-2025,M
Catamarca,Bicameral,Diputados,Cesarini,Enrique,Propuesta Republicana,2015-2021,M
Catamarca,Bicameral,Diputados,Gomez,Cristina,Unión Cívica Radical,2021-2025,F
Catamarca,Bicameral,Diputados,Palladino,Claudia,Frente de Todos,2021-2025,F
Catamarca,Bicameral,Diputados,Lobo Vergara,Luis,Unión Cívica Radical,2019-2023,M
Catamarca,Bicameral,Diputados,Andersch,Jorge,Frente de Todos,2019-2023,M
Catamarca,Bicameral,Diputados,Soria,Natalia,Frente de Todos,2015-2021,F
Catamarca,Bicameral,Diputados,Saseta,Natalia,Propuesta Republicana,2019-2023,F
Catamarca,Bicameral,Diputados,Paez,Alejandro,Unión Cívica Radical,2019-2023,M
Catamarca,Bicameral,Diputados,Puente,Tiago,Unión Cívica Radical,2019-2023,M
Catamarca,Bicameral,Diputados,Guerrero García,María Cecilia,Frente de Todos,2019-2023,F
Catamarca,Bicameral,Diputados,Pons,Alejandra,Unión Cívica Radical,2015-2021,F
Catamarca,Bicameral,Diputados,Ponferrada,Natalia,Frente de Todos,2019-2023,F
Catamarca,Bicameral,Diputados,Paz,Alicia,Unión Cívica Radical,2021-2025,F
Catamarca,Bicameral,Diputados,Nieva,Stella,Frente de Todos,2021-2025,F
Catamarca,Bicameral,Diputados,Murua,Marcelo,Frente de Todos,2015-2021,M
Catamarca,Bicameral,Diputados,Mercado Jaimes,Verónica,Frente de Todos,2019-2023,F
Catamarca,Bicameral,Diputados,Mascheroni,Maximiliano,Frente de Todos,2021-2025,M
Catamarca,Bicameral,Diputados,Marsilli,Carlos,Unión Cívica Radical,2015-2021,M
Catamarca,Bicameral,Diputados,Marenco,Guillermo,Frente de Todos,2019-2023,M
Catamarca,Bicameral,Diputados,Marchioli,Alfredo,Unión Cívica Radical,2021-2025,M
Catamarca,Bicameral,Diputados,Lopez Rodriguez,Armando,Frente de Todos,2019-2023,M
Catamarca,Bicameral,Diputados,Herrera,Natalia,Unión Cívica Radical,2019-2023,F
Catamarca,Bicameral,Diputados,Aguirre,Gustavo,Frente de Todos,2021-2025,M
Catamarca,Bicameral,Diputados,Zalazar,Mónica,Frente de Todos,2015-2021,F
Catamarca,Bicameral,Diputados,Sosa,José Antonio,Unión Cívica Radical,2019-2023,M
Chaco,Unicameral,Legislatura,Insaurralde,Elda,Justicialista,2019-2023,F
Chaco,Unicameral,Legislatura,Lanzzarini,Sebastián Leonardo,UCR - Convergencia Social,2021-2025,M
Chaco,Unicameral,Legislatura,Slimel,Nicolás,Justicialista,2019-2023,M
Chaco,Unicameral,Legislatura,Schwartz,Rodolfo,Partido del Trabajo y del Pueblo,2019-2023,M
Chaco,Unicameral,Legislatura,Sager,Hugo Abel,Justicialista,2019-2023,M
Chaco,Unicameral,Legislatura,Quiros,Silvia Mariela,Justicialista,2021-2025,F
Chaco,Unicameral,Legislatura,Perez Otazu,Clara Anahí,Frente Integrador,2019-2023,F
Chaco,Unicameral,Legislatura,Peche,Carim Antonio,UCR - Convergencia Social,2021-2025,M
Chaco,Unicameral,Legislatura,Parra Moreno,Salvador Jaime,Frente Integrador,2019-2023,M
Chaco,Unicameral,Legislatura,Panzardi,Claudia Lorena,Justicialista,2019-2023,F
Chaco,Unicameral,Legislatura,Ojeda,Elba Gricelda,Justicialista,2021-2025,F
Chaco,Unicameral,Legislatura,Ocampo,Rodrigo Hernán,Justicialista,2021-2025,M
Chaco,Unicameral,Legislatura,Acosta,Roberto Marcelo,Justicialista,2019-2023,M
Chaco,Unicameral,Legislatura,Aradas,Alejandro,UCR - Convergencia Social,2021-2025,M
Chaco,Unicameral,Legislatura,Arkwright,Dorys Lilian,UCR - Convergencia Social,2021-2025,F
Chaco,Unicameral,Legislatura,Zdero,Leandro Cesar,UCR - Presidente Raúl Alfonsin UCR,2021-2025,M
Chaco,Unicameral,Legislatura,Ayala,Juan Carlos,Justicialista,2021-2025,M
Chaco,Unicameral,Legislatura,Ayala,Jessica Yanina,Justicialista,2019-2023,F
Chaco,Unicameral,Legislatura,Honcheruk,Atlanto,Justicialista,2021-2025,M
Chaco,Unicameral,Legislatura,Galeano,Zulma,UCR - Convergencia Social,2021-2025,F
Chaco,Unicameral,Legislatura,El Halli Obeid Halli,Luis Alberto,Pro CHACO,2019-2023,M
Chaco,Unicameral,Legislatura,Digiuni,Graciela Alicia,UCR - Somos Parte,2019-2023,F
Chaco,Unicameral,Legislatura,Cuesta,Lidia Elida,Justicialista,2019-2023,F
Chaco,Unicameral,Legislatura,Cubells,Teresa,Frente Grande,2019-2023,F
Chaco,Unicameral,Legislatura,Gutiérrez,Livio Edgardo,UCR - Convergencia Social,2019-2023,M
Chaco,Unicameral,Legislatura,Charole,Andrea Anastacia,Justicialista,2021-2025,F
Chaco,Unicameral,Legislatura,Bacileff Ivanoff,Darío Augusto,Frente Integrador,2021-2025,M
Chaco,Unicameral,Legislatura,Corradi,Gustavo Silvio,UCR - Convergencia Social,2020-2023,M
Chaco,Unicameral,Legislatura,Benitez,Paola Andrea de las Mercedes,Justicialista,2021-2025,F
Chaco,Unicameral,Legislatura,Canteros Reiser,Andrea Silvina,UCR - Somos Parte,2021-2025,F
Chaco,Unicameral,Legislatura,Cardozo,Debora Soledad,UCR - Convergencia Social,2019-2023,F
Chaco,Unicameral,Legislatura,Bergia,Juan José,Nuevo Espacio de Participación,2021-2025,M
Chubut,Unicameral,Legislatura,Mantegna,Carlos Hugo,PJ - Frente de Todos,,M
Chubut,Unicameral,Legislatura,Goic,Tatiana,"Cultura, Educación y Trabajo",,F
Chubut,Unicameral,Legislatura,Eliceche,Carlos Tomas,Bloque Vision Peronista,,M
Chubut,Unicameral,Legislatura,Lopez,Anotnio,Integrando Chubut,,M
Chubut,Unicameral,Legislatura,Gimenez,José,Chubut Unido,,M
Chubut,Unicameral,Legislatura,Artero,Rossana,Chubut Unido,,F
Chubut,Unicameral,Legislatura,Lloyd Jones,Lila,Chubut Unido,,F
Chubut,Unicameral,Legislatura,Aguilera,Maria Andrea,UCR,,M
Chubut,Unicameral,Legislatura,Pagliaroni,Manuel,UCR,,M
Chubut,Unicameral,Legislatura,Williams,Rafael,PJ - Frente de Todos,,M
Chubut,Unicameral,Legislatura,Saso,Selva,PJ - Frente de Todos,,F
Chubut,Unicameral,Legislatura,Mansilla ,Mario Eduardo,PJ - Frente de Todos,,M
Chubut,Unicameral,Legislatura,Aranibar,Mariano,Chubut al frente,2019-2023,M
Chubut,Unicameral,Legislatura,Casanovas,Adriana Elizabeth,PJ - Frente de Todos,,F
Chubut,Unicameral,Legislatura,Williams,Claudia,Chubut al frente,2019-2023,F
Chubut,Unicameral,Legislatura,Nouveau,Pablo,Chubut al frente,,M
Chubut,Unicameral,Legislatura,Mongilardi,Emilio Jose,Chubut al frente,,M
Chubut,Unicameral,Legislatura,Ingram,Roddy,Chubut al frente,,M
Chubut,Unicameral,Legislatura,Gomez,Carlos,Chubut al frente,2019-2023,M
Chubut,Unicameral,Legislatura,Gabella,Xenia,Chubut al frente,2019-2023,F
Chubut,Unicameral,Legislatura,De Lucia,Gabriela,Chubut al frente,2019-2023,F
Chubut,Unicameral,Legislatura,Cigudosa,Graciela del Valle,Chubut al frente,2019-2023,F
Chubut,Unicameral,Legislatura,Catia,María Magdalena,Chubut al frente,,F
Chubut,Unicameral,Legislatura,Antin,Miguel,Chubut al frente,2020-2023,M
Chubut,Unicameral,Legislatura,Anden,Zulema,Chubut al frente,2019-2023,F
Chubut,Unicameral,Legislatura,Pais,Juan Horacio,Chubut al frente,2019-2023,M
Chubut,Unicameral,Legislatura,Baskvoc,Maria Belen,PJ - Frente de Todos,,F
Chubut,Unicameral,Legislatura,Chiquichano,Tirso,Chubut Unido,,M
Ciudad Autónoma de Buenos Aires,Unicameral,Legislatura,Zago,Oscar,La Libertad Avanza,2021-2025,M
Ciudad Autónoma de Buenos Aires,Unicameral,Legislatura,Weck,Diego,UCR / Evolución,2019-2023,M
Ciudad Autónoma de Buenos Aires,Unicameral,Legislatura,Guouman,Marcelo Alejandro,UCR / Evolución,2019-2023,M
Ciudad Autónoma de Buenos Aires,Unicameral,Legislatura,González  Estevarena,María Luisa,Vamos Juntos,2021-2025,F
Ciudad Autónoma de Buenos Aires,Unicameral,Legislatura,Garrido,Estebán,Vamos Juntos,2019-2023,M
Ciudad Autónoma de Buenos Aires,Unicameral,Legislatura,García Moritán,Roberto,Republicanos Unidos,2021-2025,M
Ciudad Autónoma de Buenos Aires,Unicameral,Legislatura,García De García Vilas,Diego Mariano,Vamos Juntos,2019-2023,M
Ciudad Autónoma de Buenos Aires,Unicameral,Legislatura,Fleitas,Rebeca,La Libertad Avanza,2021-2025,F
Ciudad Autónoma de Buenos Aires,Unicameral,Legislatura,Fidel,Natalia,Vamos Juntos,2019-2023,F
Ciudad Autónoma de Buenos Aires,Unicameral,Legislatura,Ferreño,Claudio Américo,Frente de Todos,2019-2023,M
Ciudad Autónoma de Buenos Aires,Unicameral,Legislatura,Ferrero,María Cecilia,Vamos Juntos,2019-2023,F
Ciudad Autónoma de Buenos Aires,Unicameral,Legislatura,Ferrario,Emmanuel,Vamos Juntos,2021-2025,M
Ciudad Autónoma de Buenos Aires,Unicameral,Legislatura,Fernandez,Ofelia,Frente de Todos,2019-2023,F
Ciudad Autónoma de Buenos Aires,Unicameral,Legislatura,Estebarena,Carolina,Vamos Juntos,2019-2023,F
Ciudad Autónoma de Buenos Aires,Unicameral,Legislatura,Iañez,Berenice,Frente de Todos,2021-2025,F
Ciudad Autónoma de Buenos Aires,Unicameral,Legislatura,Del Sol,Daniel Eduardo,Vamos Juntos,2019-2023,M
Ciudad Autónoma de Buenos Aires,Unicameral,Legislatura,De Las Casas,Mercedes,Vamos Juntos,2019-2023,F
Ciudad Autónoma de Buenos Aires,Unicameral,Legislatura,Maia,Daer,Frente de Todos,2021-2025,F
Ciudad Autónoma de Buenos Aires,Unicameral,Legislatura,Cortina,Roy,Partido Socialista,2019-2023,M
Ciudad Autónoma de Buenos Aires,Unicameral,Legislatura,Casielles,Eugenio,Consenso Federal,2019-2023,M
Ciudad Autónoma de Buenos Aires,Unicameral,Legislatura,Campora,Lucía,Frente de Todos,2019-2023,F
Ciudad Autónoma de Buenos Aires,Unicameral,Legislatura,Bou Pérez,Ana María,Vamos Juntos,2019-2023,F
Ciudad Autónoma de Buenos Aires,Unicameral,Legislatura,Bielli,María,Frente de Todos,2019-2023,F
Ciudad Autónoma de Buenos Aires,Unicameral,Legislatura,Barry,Alejandrina,Frente de Izquierda - Unida,2021-2025,F
Ciudad Autónoma de Buenos Aires,Unicameral,Legislatura,Barreto,Jessica,Partido Socialista,2021-2025,F
Ciudad Autónoma de Buenos Aires,Unicameral,Legislatura,Arenaza,Juan Pablo,Frente de Todos,2021-2025,M
Ciudad Autónoma de Buenos Aires,Unicameral,Legislatura,Andrade,Javier,Frente de Todos,2019-2023,M
Ciudad Autónoma de Buenos Aires,Unicameral,Legislatura,Amor,Alejandro,Frente de Todos,2021-2025,M
Ciudad Autónoma de Buenos Aires,Unicameral,Legislatura,Del Gaiso,Juan Facundo,Vamos Juntos,2019-2023,M
Ciudad Autónoma de Buenos Aires,Unicameral,Legislatura,Kienast,Marina,Republicanos Unidos,2021-2025,M
Ciudad Autónoma de Buenos Aires,Unicameral,Legislatura,Barroetaveña,Matías,Frente de Todos,2019-2023,M
Ciudad Autónoma de Buenos Aires,Unicameral,Legislatura,López,Matías Damián,Vamos Juntos,2019-2023,M
Ciudad Autónoma de Buenos Aires,Unicameral,Legislatura,Lapeña,Lucio,UCR / Evolución,2021-2025,M
Ciudad Autónoma de Buenos Aires,Unicameral,Legislatura,Vitali,Franco,Frente de Todos,2021-2025,M
Ciudad Autónoma de Buenos Aires,Unicameral,Legislatura,Vischi,María Patricia,UCR / Evolución,2019-2023,F
Ciudad Autónoma de Buenos Aires,Unicameral,Legislatura,Villafruela,Gimena,Vamos Juntos,2019-2023,F
Ciudad Autónoma de Buenos Aires,Unicameral,Legislatura,Velasco,Laura,Frente de Todos,2019-2023,F
Ciudad Autónoma de Buenos Aires,Unicameral,Legislatura,Valdés,Juan Manuel,Frente de Todos,2021-2025,M
Ciudad Autónoma de Buenos Aires,Unicameral,Legislatura,Tiesso,María Magdalena,Frente de Todos,2021-2025,F
Ciudad Autónoma de Buenos Aires,Unicameral,Legislatura,Solano,Gabriel,Frente de Izquierda de los Trabajadores,2021-2025,M
Ciudad Autónoma de Buenos Aires,Unicameral,Legislatura,Socías,Manuel Salvador,Frente de Todos,2019-2023,M
Ciudad Autónoma de Buenos Aires,Unicameral,Legislatura,Segura Rattagan,Cecilia,Frente de Todos,2019-2023,F
Ciudad Autónoma de Buenos Aires,Unicameral,Legislatura,Saifert,Leonardo,La Libertad Avanza,2021-2025,M
Ciudad Autónoma de Buenos Aires,Unicameral,Legislatura,Romero,Claudio Ariel,Vamos Juntos,2021-2025,M
Ciudad Autónoma de Buenos Aires,Unicameral,Legislatura,Romano,Lucía,Vamos Juntos,2019-2023,F
Ciudad Autónoma de Buenos Aires,Unicameral,Legislatura,Thourte,Manuela,UCR / Evolución,2019-2023,F
Ciudad Autónoma de Buenos Aires,Unicameral,Legislatura,Parry,María Inés,UCR / Evolución,2021-2025,F
Ciudad Autónoma de Buenos Aires,Unicameral,Legislatura,Ocampo,Martín,UCR / Evolución,2019-2023,M
Ciudad Autónoma de Buenos Aires,Unicameral,Legislatura,Nieto,Darío Hugo,Vamos Juntos,2021-2025,M
Ciudad Autónoma de Buenos Aires,Unicameral,Legislatura,Neira,Claudia,Frente de Todos,2019-2023,F
Ciudad Autónoma de Buenos Aires,Unicameral,Legislatura,Méndez,María Sol,Vamos Juntos,2021-2025,F
Ciudad Autónoma de Buenos Aires,Unicameral,Legislatura,Morresi,Claudio Alberto,Frente de Todos,2019-2023,M
Ciudad Autónoma de Buenos Aires,Unicameral,Legislatura,Montenegro,Victoria,Frente de Todos,2021-2025,F
Ciudad Autónoma de Buenos Aires,Unicameral,Legislatura,Montenegro,Lucía,La Libertad Avanza,2021-2025,F
Ciudad Autónoma de Buenos Aires,Unicameral,Legislatura,Mola,Gustavo,UCR / Evolución,2021-2025,M
Ciudad Autónoma de Buenos Aires,Unicameral,Legislatura,Modarelli,Juan Pablo,Frente de Todos,2021-2025,M
Ciudad Autónoma de Buenos Aires,Unicameral,Legislatura,Michielotto,Paola Vanesa,Vamos Juntos,2021-2025,F
Ciudad Autónoma de Buenos Aires,Unicameral,Legislatura,Martín,Amanda,Frente de Izquierda,2019-2023,F
Ciudad Autónoma de Buenos Aires,Unicameral,Legislatura,Reyes,Hernán,Vamos Juntos,2021-2025,M
Ciudad Autónoma de Buenos Aires,Unicameral,Legislatura,Marra,Ramiro,La Libertad Avanza,2021-2025,M
Corrientes,Bicameral,Diputados,Centurión,Lucía Itatí,ElI - Encuentro,2021-2025,F
Corrientes,Bicameral,Diputados,Chavez,Walter Andrés,Unión Cívica Radical,2021-2025,M
Corrientes,Bicameral,Diputados,Díaz,Aída Angélica,Proyecto Corrientes,2021-2025,F
Corrientes,Bicameral,Diputados,Galarza,Silvia Patricia,Autonomista,2021-2023,F
Corrientes,Bicameral,Diputados,Cassani,Pedro Gerardo,ELI,2019-2023,M
Corrientes,Bicameral,Diputados,Calomarde,Luis Alberto,Unión Cívica Radical,2021-2025,M
Corrientes,Bicameral,Diputados,Arias,Miguel Mateo,Justicialista,2019-2023,M
Corrientes,Bicameral,Diputados,Braillard Poccard,Germán María,Frente Renovador,2021-2025,M
Corrientes,Bicameral,Diputados,Benítez,Edgar Victoriano,Unión Popular Corrientes,2021-2025,M
Corrientes,Bicameral,Diputados,Báez,Ariel Carlos,Ciudadanos Comprometidos,2021-2025,M
Corrientes,Bicameral,Diputados,Ast,Norberto,Unión Cívica Radical,2019-2023,M
Corrientes,Bicameral,Diputados,Acevedo,César Víctor,Justicialista,2019-2023,M
Corrientes,Bicameral,Diputados,Giotta,Andrea María,Unión Cívica Radical,2021-2025,F
Corrientes,Bicameral,Diputados,Branz,Mario Jacinto,Partido Nuevo,2021-2025,M
Corrientes,Bicameral,Diputados,Hardoy,Eduardo Daniel,Partido Liberal,2019-2023,M
Corrientes,Bicameral,Diputados,Meixner,María Alicia,Justicialista,2019-2023,F
Corrientes,Bicameral,Diputados,López,Héctor María,Unión Cívica Radical,2019-2023,M
Corrientes,Bicameral,Diputados,Lazaroff Pucciarello,Lorena María A.,PRO,2019-2023,F
Corrientes,Bicameral,Diputados,Vallejos,Víctor Hugo,Norte Grande,2021-2023,F
Corrientes,Bicameral,Diputados,Rotela Cañate,Albana Virginia,Popular,2021-2025,F
Corrientes,Bicameral,Diputados,Romero Brisco,José,Autonomista,2021-2025,M
Corrientes,Bicameral,Diputados,Pozo,Horacio Vicente,ELI - Encuentro,2021-2025,M
Corrientes,Bicameral,Diputados,Podestá,Francisco Ángel,Proyecto Corrientes,2019-2023,M
Corrientes,Bicameral,Diputados,Sáez,Lautaro Javier,Popular,2019-2023,M
Corrientes,Bicameral,Diputados,Pereyra Cebreiro,Ana María,Liberal,2021-2025,M
Corrientes,Bicameral,Diputados,Otaño,Marcos Jesús,Justicialista,2019-2023,M
Corrientes,Bicameral,Diputados,Meza,Fabiana Mariel,Unión Cívica Radical,2019-2023,F
Corrientes,Bicameral,Diputados,Martino,María Belén,Justicialista,2021-2025,F
Corrientes,Bicameral,Diputados,Mancini,María Eugenia,"Cambio, Austeridad y Progreso",2021-2025,F
Corrientes,Bicameral,Diputados,Pérez Duarte,María del Carmen,ELI - Encuentro,2019-2023,F
Córdoba,Unicameral,Legislatura,Rinaldi,Julieta,Hacemos por Córdoba,2019-2023,F
Córdoba,Unicameral,Legislatura,Pereyra,Cristina Alicia,Hacemos por Córdoba,2019-2023,F
Córdoba,Unicameral,Legislatura,Petrone,María Andrea,Hacemos por Córdoba,2019-2023,F
Córdoba,Unicameral,Legislatura,Piasco,Alejandra Danila,Hacemos por Córdoba,2019-2023,F
Córdoba,Unicameral,Legislatura,Pihen,Jose Emilio,Hacemos por Córdoba,2019-2023,M
Córdoba,Unicameral,Legislatura,Presas,Carlos Alberto,Hacemos por Córdoba,2019-2023,M
Córdoba,Unicameral,Legislatura,Ramallo,Walter Andrés,Hacemos por Córdoba,2019-2023,M
Córdoba,Unicameral,Legislatura,Recalde,Raúl Guillermo,Córdoba Cambia,2019-2023,M
Córdoba,Unicameral,Legislatura,Rins,Benigno,UCR,2019-2023,M
Córdoba,Unicameral,Legislatura,Suárez,Carmen Esther,Hacemos por Córdoba,2019-2023,F
Córdoba,Unicameral,Legislatura,Rosso,Milena Marina,Hacemos por Córdoba,2019-2023,F
Córdoba,Unicameral,Legislatura,Ruiz,Alejandro Antonio,Hacemos por Córdoba,2019-2023,M
Córdoba,Unicameral,Legislatura,Saieg,Walter,Hacemos por Córdoba,2019-2023,M
Córdoba,Unicameral,Legislatura,Scorza,Adrián Rubén,Hacemos por Córdoba,2019-2023,M
Córdoba,Unicameral,Legislatura,Serrano,Patricio Eduardo,Hacemos por Córdoba,2019-2023,M
Córdoba,Unicameral,Legislatura,Viola,Matías Marcelo,Hacemos por Córdoba,2019-2023,M
Córdoba,Unicameral,Legislatura,Zorrilla,Ricardo,Hacemos por Córdoba,2019-2023,M
Córdoba,Unicameral,Legislatura,Paleo,Silvia Gabriela,Córdoba Cambia,2019-2023,F
Córdoba,Unicameral,Legislatura,Rossi,Dante Valentín,UCR,2019-2023,M
Córdoba,Unicameral,Legislatura,Nanini,Paola,Hacemos por Córdoba,2019-2023,F
Córdoba,Unicameral,Legislatura,Altamirano,Alfredo,Hacemos por Córdoba,2019-2023,M
Córdoba,Unicameral,Legislatura,Martínez,Herminia Natalia,Hacemos por Córdoba,2019-2023,F
Córdoba,Unicameral,Legislatura,Echevarría,Luciana Gabriela,MST Nueva Izquierda,2019-2023,F
Córdoba,Unicameral,Legislatura,De la Sota,Natalia,Hacemos por Córdoba,2019-2023,F
Córdoba,Unicameral,Legislatura,De Ferrari Rueda,Patricia,Córdoba Cambia,2019-2023,F
Córdoba,Unicameral,Legislatura,Cossar,Marcelo,UCR,2019-2023,M
Córdoba,Unicameral,Legislatura,Cid,Juan Manuel,Hacemos por Córdoba,2019-2023,M
Córdoba,Unicameral,Legislatura,Chamorro,Matias Ezequiel,Hacemos por Córdoba,2019-2023,M
Córdoba,Unicameral,Legislatura,Castro,Juan Carlos,Hacemos por Córdoba,2019-2023,M
Córdoba,Unicameral,Legislatura,Caserio,Mariana Alicia,Hacemos por Córdoba,2019-2023,F
Córdoba,Unicameral,Legislatura,Carrillo,Marisa Gladys,UCR,2019-2023,F
Córdoba,Unicameral,Legislatura,Carpintero,Leandro Marín,Hacemos por Córdoba,2019-2023,M
Córdoba,Unicameral,Legislatura,Capitani,Darío Gustavo,Córdoba Cambia,2019-2023,M
Córdoba,Unicameral,Legislatura,Caffaratti,María Elisa,UCR,2019-2023,F
Córdoba,Unicameral,Legislatura,Busso,María Victoria,Hacemos por Córdoba,2019-2023,F
Córdoba,Unicameral,Legislatura,Blangino,Juan José,Hacemos por Córdoba,2019-2023,M
Córdoba,Unicameral,Legislatura,Bañuelos,Julio Alberto,Hacemos por Córdoba,2019-2023,M
Córdoba,Unicameral,Legislatura,Argañaraz,María Noel,Frente de Izquierda y de los Trabajadores,2019-2023,F
Córdoba,Unicameral,Legislatura,Argañaras,Iohana Carolina,Hacemos Córdoba,2019-2023,F
Córdoba,Unicameral,Legislatura,Arduh,Orlando Víctor,Córdoba Cambia,2019-2023,M
Córdoba,Unicameral,Legislatura,Ambrosio,Alberto Vicente,Córdoba Cambia,2019-2023,M
Córdoba,Unicameral,Legislatura,Alesandri,Carlos  Tomás,Hacemos por Córdoba,2019-2023,M
Córdoba,Unicameral,Legislatura,Miranda,Franco Diego,Hacemos por Córdoba,2019-2023,M
Córdoba,Unicameral,Legislatura,Eslava,Gustavo Alberto,Hacemos por Córdoba,2019-2023,M
Córdoba,Unicameral,Legislatura,Eslava,María Emilia,Hacemos por Córdoba,2019-2023,F
Córdoba,Unicameral,Legislatura,Abraham,Liliana Noldy,Hacemos por Córdoba,2019-2023,M
Córdoba,Unicameral,Legislatura,Fortuna,Francisco José,Hacemos por Córdoba,2019-2023,M
Córdoba,Unicameral,Legislatura,Fernández,Nadia Vanesa,Hacemos por Córdoba,2019-2023,F
Córdoba,Unicameral,Legislatura,Manzanares,María Graciela,Hacemos por Córdoba,2019-2023,F
Córdoba,Unicameral,Legislatura,Marcone,María Rosa,Encuentro Vecinal Córdoba,2019-2023,F
Córdoba,Unicameral,Legislatura,Maldonado,Miguel Ángel Igancio,Hacemos por Córdoba,2019-2023,M
Córdoba,Unicameral,Legislatura,Majul,Miguel Angel,Hacemos por Córdoba,2019-2023,M
Córdoba,Unicameral,Legislatura,Lorenzo,Carlos Mariano,Hacemos por Córdoba,2019-2023,M
Córdoba,Unicameral,Legislatura,Limia,Luis Leonardo,Hacemos por Córdoba,2019-2023,M
Córdoba,Unicameral,Legislatura,Lencinas,Luis Carlos,Hacemos por Córdoba,2019-2023,M
Córdoba,Unicameral,Legislatura,Latimori,Raúl Horacio,Hacemos por Córdoba,2019-2023,M
Córdoba,Unicameral,Legislatura,Labat,Maria Laura,Hacemos por Córdoba,2019-2023,F
Córdoba,Unicameral,Legislatura,Kyshakevych,Tania Anabel,Hacemos por Córdoba,2019-2023,F
Córdoba,Unicameral,Legislatura,Mansilla,Doris Fatima,Hacemos por Córdoba,2019-2023,F
Córdoba,Unicameral,Legislatura,Iturria,Dardo,Hacemos por Córdoba,2019-2023,M
Córdoba,Unicameral,Legislatura,Jure,Juan Rubén,Córdoba Cambia,2019-2023,M
Córdoba,Unicameral,Legislatura,Garade Panetta,María Veronica,UCR,2019-2023,F
Córdoba,Unicameral,Legislatura,García,Sara del Carmen,Hacemos por Córdoba,2019-2023,F
Córdoba,Unicameral,Legislatura,González,Oscar Felix,Hacemos por Córdoba,2019-2023,M
Córdoba,Unicameral,Legislatura,Giraldi,Ramón Luis,Hacemos por Córdoba,2019-2023,M
Córdoba,Unicameral,Legislatura,Gudiño,Daniela Soledad,Córdoba Cambia,2019-2023,F
Córdoba,Unicameral,Legislatura,Guirardelli,María Adela,Hacemos por Córdoba,2019-2023,F
Córdoba,Unicameral,Legislatura,Hak,Diego Pablo,Hacemos por Córdoba,2019-2023,M
Córdoba,Unicameral,Legislatura,Irazuzta,Cecilia,Coalición Cívica - ARI,2019-2023,F
Córdoba,Unicameral,Legislatura,Grosso,Gerardo,Encuentro Vecinal Córdoba,2019-2023,M
Entre Ríos,Bicameral,Diputados,Moreno,Silvia del Carmen,Fte. Creer Entre Ríos,2019-2023,F
Entre Ríos,Bicameral,Diputados,Satto,Jorge Diego,Pro,2019-2023,M
Entre Ríos,Bicameral,Diputados,Navarro,Juan Reynaldo,Fte. Creer Entre Ríos,2019-2023,M
Entre Ríos,Bicameral,Diputados,Ramos,Carina Manuela,Fte. Creer Entre Ríos,2019-2023,F
Entre Ríos,Bicameral,Diputados,Rebord,Mariano Pedro,Fte. Creer Entre Ríos,2019-2023,M
Entre Ríos,Bicameral,Diputados,Rubattino,Verónica Paola,Fte. Creer Entre Ríos,2019-2023,F
Entre Ríos,Bicameral,Diputados,Silva,Leonardo Jesús,Fte. Creer Entre Ríos,2019-2023,M
Entre Ríos,Bicameral,Diputados,Varisco,Lucía,UCR,2019-2023,F
Entre Ríos,Bicameral,Diputados,Solari,Eduardo,UCR,2019-2023,M
Entre Ríos,Bicameral,Diputados,Toller,María del Carmen,Fte. Creer Entre Ríos,2019-2023,F
Entre Ríos,Bicameral,Diputados,Troncoso,Manuel,Pro,2019-2023,M
Entre Ríos,Bicameral,Diputados,Vitor,Esteban,Pro,2019-2023,M
Entre Ríos,Bicameral,Diputados,Zacarías,Juan Domingo,Movimiento Social Entreríano,2019-2023,M
Entre Ríos,Bicameral,Diputados,Zavallo,Gustavo,Fte. Creer Entre Ríos,2019-2023,M
Entre Ríos,Bicameral,Diputados,Mattiaguda,Nicolás Alejandro,Pro,2019-2023,M
Entre Ríos,Bicameral,Diputados,Solanas,Julio Rodolfo,Fte. Creer Entre Ríos,2019-2023,M
Entre Ríos,Bicameral,Diputados,Maneiro,Julián,UCR,2019-2023,M
Entre Ríos,Bicameral,Diputados,Giano,Ángel Francisco,Fte. Creer Entre Ríos,2019-2023,M
Entre Ríos,Bicameral,Diputados,Lara,Diego,Fte. Creer Entre Ríos,2019-2023,M
Entre Ríos,Bicameral,Diputados,Loggio,Néstor,Fte. Creer Entre Ríos,2019-2023,M
Entre Ríos,Bicameral,Diputados,Anguiano,Martín,Pro,2019-2023,M
Entre Ríos,Bicameral,Diputados,Brupbacher,Uriel Maximiliano,UCR,2019-2023,M
Entre Ríos,Bicameral,Diputados,Cáceres,José Orlando,Fte. Creer Entre Ríos,2019-2023,M
Entre Ríos,Bicameral,Diputados,Cáceres,Reynaldo Jorge,Fte. Creer Entre Ríos,2019-2023,M
Entre Ríos,Bicameral,Diputados,Castrillón,Sergio Daniel,Fte. Creer Entre Ríos,2019-2023,M
Entre Ríos,Bicameral,Diputados,Cora,Stefanía,Fte. Creer Entre Ríos,2019-2023,F
Entre Ríos,Bicameral,Diputados,Acosta,Ayelen,Pro,2019-2023,F
Entre Ríos,Bicameral,Diputados,Cusinato,Gustavo,UCR,2019-2023,M
Entre Ríos,Bicameral,Diputados,Farfán,Mariana,Fte. Creer Entre Ríos,2019-2023,F
Entre Ríos,Bicameral,Diputados,Foletto,Sara Mercedes,UCR,2019-2023,F
Entre Ríos,Bicameral,Diputados,Huss,Juan Manuel,Fte. Creer Entre Ríos,2019-2023,M
Entre Ríos,Bicameral,Diputados,Jaroslavsky,Gracia María,UCR,2019-2023,F
Entre Ríos,Bicameral,Diputados,Kramer,José María,Fte. Creer Entre Ríos,2019-2023,M
Entre Ríos,Bicameral,Diputados,Cosso,Juan Pablo,Fte. Creer Entre Ríos,2019-2023,M
Formosa,Unicameral,Legislatura,Rafael Alejandro Ceferino,Navas,Partido Justicialista,2021-2025,M
Formosa,Unicameral,Legislatura,Ana Gabriela,Neme,Floro Eleuterio Bogado,2021-2025,F
Formosa,Unicameral,Legislatura,Enrique Eduardo,Ramírez,Frente Amplio Formoseño,2021-2025,M
Formosa,Unicameral,Legislatura,Eleutaria,Roa,Partido Justicialista,2019-2023,F
Formosa,Unicameral,Legislatura,Carla Silcina,Zaiser,Frente Amplio Formoseño,2021-2025,F
Formosa,Unicameral,Legislatura,Agustín,Samaniego,Partido Justicialista,2021-2025,M
Formosa,Unicameral,Legislatura,Agostina,Villaggi,Frente Amplio Formoseño,2021-2025,F
Formosa,Unicameral,Legislatura,Rodrigo Emmanuel,Vera,Partido Justicialista,2021-2025,M
Formosa,Unicameral,Legislatura,Roberto Domingo,Vizcaíno Braida,Partido Justicialista,2019-2023,M
Formosa,Unicameral,Legislatura,Osvaldo Omar,Zárate,Frente Amplio Formoseño,2019-2023,M
Formosa,Unicameral,Legislatura,Jorge Luis,Zarza,Partido Justicialista,2019-2023,M
Formosa,Unicameral,Legislatura,Miguel Alfredo,Montoya,Frente Amplio Formoseño,2021-2025,M
Formosa,Unicameral,Legislatura,Azucena del Valle,Santillan,Partido Justicialista,2021-2025,F
Formosa,Unicameral,Legislatura,Noelia Ramona,Luna,Frente Amplio Formoseño,2019-2023,F
Formosa,Unicameral,Legislatura,Jorge,Román,Partido Justicialista,2021-2025,M
Formosa,Unicameral,Legislatura,Luis Eduardo,López Guaymás,Partido Justicialista,2019-2023,M
Formosa,Unicameral,Legislatura,Inés,Lotto,Partido Justicialista,2019-2023,F
Formosa,Unicameral,Legislatura,Juan Carlos,Amarilla,Frente Amplio Formoseño,2019-2023,M
Formosa,Unicameral,Legislatura,Adrián Floro,Bogado,Floro Eleuterio Bogado,2021-2025,M
Formosa,Unicameral,Legislatura,Otilia,Britez,Partido Justicialista,2019-2023,F
Formosa,Unicameral,Legislatura,Armando Felipe,Cabrera,Partido Justicialista,2019-2023,M
Formosa,Unicameral,Legislatura,Estela del Carmen,Escobar,Partido Justicialista,-,F
Formosa,Unicameral,Legislatura,Miguela Patricia,Arguello,Floro Eleuterio Bogado,2019-2023,M
Formosa,Unicameral,Legislatura,Viviana Griselda,Guzman,Partido Justicialista,2021-2025,F
Formosa,Unicameral,Legislatura,Aldo,Ingolotti,Partido Justicialista,2021-2025,M
Formosa,Unicameral,Legislatura,Yanina,Insfrán,Partido Justicialista,2019-2023,F
Formosa,Unicameral,Legislatura,Carlos Hugo,Insfrán,Partido Justicialista,2019-2023,M
Formosa,Unicameral,Legislatura,Sinforiano,López,Partido Justicialista,2019-2023,M
Formosa,Unicameral,Legislatura,Delia Teresa del Carmen,Galvan,Partido Justicialista,2021-2025,F
Jujuy,Unicameral,Legislatura,Posadas,Fernando Adrián,Frente de Todos,2019-2023,M
Jujuy,Unicameral,Legislatura,Luna,Guido Alfredo,UCR,2019-2023,M
Jujuy,Unicameral,Legislatura,Luna Murillo,Victoria Cristina,UCR,2019-2023,F
Jujuy,Unicameral,Legislatura,Martín Palmieri,Emanuel Angel,Frente de Todos,2019-2023,M
Jujuy,Unicameral,Legislatura,Morone,Adriano,UCR,2021-2025,M
Jujuy,Unicameral,Legislatura,Nasif,José Marcelo,Independiente,2019-2023,M
Jujuy,Unicameral,Legislatura,Nieto,Orlando Rodolfo,UCR,2019-2023,M
Jujuy,Unicameral,Legislatura,Ortega,Juan Eduardo,Frente de Todos,2021-2025,M
Jujuy,Unicameral,Legislatura,Ortiz,Mariela Del Valle,Primero Jujuy,2019-2023,F
Jujuy,Unicameral,Legislatura,Famos,Olga Yolanda,UCR,2021-2025,F
Jujuy,Unicameral,Legislatura,Snopek,Alejandro Francisco,Frente de Todos,2019-2023,M
Jujuy,Unicameral,Legislatura,Rivarola,Rubén Armando,Frente de Todos,2019-2023,M
Jujuy,Unicameral,Legislatura,Rodrigues,Jorge Alberto,Frente de Todos,2019-2023,M
Jujuy,Unicameral,Legislatura,Russo Arriola,Marta Itati,UCR,2021-2025,F
Jujuy,Unicameral,Legislatura,Santillan,Gaspar Alberto,Primero Jujuy,2019-2023,M
Jujuy,Unicameral,Legislatura,López,José Humberto,UCR,2021-2025,M
Jujuy,Unicameral,Legislatura,Tejerina,Adolfo Fabian,UCR,2021-2025,M
Jujuy,Unicameral,Legislatura,Tisera Villagra,Fátima Rocío,Frente de Todos,2019-2023,F
Jujuy,Unicameral,Legislatura,Tizón,Ramiro,UCR,2019-2023,M
Jujuy,Unicameral,Legislatura,Toro,Omar Edgardo,Primero Jujuy,2019-2023,M
Jujuy,Unicameral,Legislatura,Velez,Daniela del Carmen,Frente de Todos,2021-2025,F
Jujuy,Unicameral,Legislatura,Rivarola,Ernesto Cristian,Frente de Todos,2021-2025,M
Jujuy,Unicameral,Legislatura,Legal,Olver Pedro,UCR,2019-2023,M
Jujuy,Unicameral,Legislatura,Sanabia,Nestor Armando,UCR,2021-2025,M
Jujuy,Unicameral,Legislatura,Juárez Orieta,Débora Ruth,Frente de Todos,2019-2023,F
Jujuy,Unicameral,Legislatura,Jubert,Santiago Omar,UCR,2019-2023,M
Jujuy,Unicameral,Legislatura,Abud Robles,Juan Carlos,UCR,2019-2023,M
Jujuy,Unicameral,Legislatura,Alvarado,Cynthia Eunice,UCR,2021-2025,F
Jujuy,Unicameral,Legislatura,Amerise,Silvina Malena,UCR,2021-2025,F
Jujuy,Unicameral,Legislatura,Arias,Gustavo Daniel,UCR,2021-2025,M
Jujuy,Unicameral,Legislatura,Armella,Alejandra Patricia,Frente de Todos,2020-2025,F
Jujuy,Unicameral,Legislatura,Asmuzi,Antonio,Primero Jujuy,2019-2023,M
Jujuy,Unicameral,Legislatura,Batallanos,Mabel Alicia,UCR,2021-2025,F
Jujuy,Unicameral,Legislatura,Belizan,Pedro Horacio,Frente de Todos,2021-2025,M
Jujuy,Unicameral,Legislatura,Bernis,Alberto,UCR,2021-2025,M
Jujuy,Unicameral,Legislatura,Brajcich,Juan Ramon,UCR,2021-2025,M
Jujuy,Unicameral,Legislatura,Angelini,Luciano Victorio,UCR,2021-2025,M
Jujuy,Unicameral,Legislatura,Burgos,Maria Gabriela,UCR,2021-2025,F
Jujuy,Unicameral,Legislatura,Bravo,Ivana Gisel,UCR,2021-2025,F
Jujuy,Unicameral,Legislatura,Jenefes Quevedo,Juan Sebastian,Frente de Todos,2021-2025,M
Jujuy,Unicameral,Legislatura,Gutierrez,Omar Alberto,UCR,2021-2025,M
Jujuy,Unicameral,Legislatura,Gomez,Valeria Iliana,Frente de Todos,2021-2025,F
Jujuy,Unicameral,Legislatura,Guevara,Natalia Yanina,UCR,2021-2025,F
Jujuy,Unicameral,Legislatura,Ferreyra,Mariela Elizabet,Frente de Todos,2019-2023,F
Jujuy,Unicameral,Legislatura,Elias,Alejandra Eugenia,UCR,2025-2025,F
Jujuy,Unicameral,Legislatura,Cardozo Traillou,Juan Miguel,Frente de Todos,2019-2023,M
Jujuy,Unicameral,Legislatura,Cabana,Luis Horacio,Frente de Todos,2019-2023,M
Jujuy,Unicameral,Legislatura,Ferrin,Maria Teresa,UCR,2019-2023,F
La Pampa,Bicameral,Diputados,Marín,Espartaco,FREJUPA,2019-2023,M
La Pampa,Bicameral,Diputados,Pereyra,Carina Lorena,FREJUPA,2019-2023,F
La Pampa,Bicameral,Diputados,Mayoral,Alicia Susana,FREJUPA,2019-2023,F
La Pampa,Bicameral,Diputados,Montes De Oca,César,FREJUPA,2019-2023,M
La Pampa,Bicameral,Diputados,Pepa,Eduardo Antonio,Propuesta Federal,2019-2023,M
La Pampa,Bicameral,Diputados,Robledo,Roberto Ricardo,FREJUPA,2019-2023,M
La Pampa,Bicameral,Diputados,Trapaglia,María Laura,Propuesta Federal,2019-2023,F
La Pampa,Bicameral,Diputados,Sola,Javier Facundo,FREJUPA,2019-2023,M
La Pampa,Bicameral,Diputados,Torroba,Francisco Javier,UCR,2019-2023,M
La Pampa,Bicameral,Diputados,Traba,Matías Francisco,Propuesta Federal,2019-2023,M
La Pampa,Bicameral,Diputados,Valderrama,CALVO María,UCR,2019-2023,F
La Pampa,Bicameral,Diputados,Zanoli,Oscar Alberto,FREJUPA,2019-2023,M
La Pampa,Bicameral,Diputados,Lujan,Valeria Estefanía,FREJUPA,2019-2023,F
La Pampa,Bicameral,Diputados,Rojas,Raúl Ariel,FREJUPA,2019-2023,M
La Pampa,Bicameral,Diputados,Larreta,María Silvia,FREJUPA,2019-2023,F
La Pampa,Bicameral,Diputados,García,María Agustina,UCR,2019-2023,F
La Pampa,Bicameral,Diputados,González,José Adrián,FREJUPA,2019-2023,M
La Pampa,Bicameral,Diputados,Guzmán,Estela Maris,UCR,2019-2023,F
La Pampa,Bicameral,Diputados,Agon,Mauricio Rubén,UCR,2019-2023,M
La Pampa,Bicameral,Diputados,Ardohain,Martín Miguel,Propuesta Federal,2019-2023,M
La Pampa,Bicameral,Diputados,Balsa,Martín Horacio,FREJUPA,2019-2023,M
La Pampa,Bicameral,Diputados,Beilmann,Oscar Alfredo,FREJUPA,2019-2023,M
La Pampa,Bicameral,Diputados,Brindesi,Juan Pedro,Comunidad Organizada,2019-2023,M
La Pampa,Bicameral,Diputados,Avendaño,Leonardo Fabio,FREJUPA,2019-2023,M
La Pampa,Bicameral,Diputados,Calvo,Rodolfo,FREJUPA,2019-2023,M
La Pampa,Bicameral,Diputados,Clara,Lorena Fabiana,UCR,2019-2023,F
La Pampa,Bicameral,Diputados,Cuelle,Marcos Rubén,UCR,2019-2023,M
La Pampa,Bicameral,Diputados,Fonseca,Sandra Fabiana,Comunidad Organizada,2019-2023,F
La Pampa,Bicameral,Diputados,González,Julio César,FREJUPA,2019-2023,M
La Pampa,Bicameral,Diputados,Caimari,Lilia Ana,FREJUPA,2019-2023,F
La Rioja,Unicameral,Legislatura,Oviedo,Humberto Ariel,Partido Justicialista,2017-2021,M
La Rioja,Unicameral,Legislatura,Herrera,Jorge Ricardo,Frente de Todos,2019-2023,M
La Rioja,Unicameral,Legislatura,Klor,Jaime Roberto,Juntos por La Rioja,2019-2023,M
La Rioja,Unicameral,Legislatura,Luna,Pedro Roberto,Arauco Crece,2019-2023,M
La Rioja,Unicameral,Legislatura,Madera,Teresita Leonor,Partido Justicialista,2017-2021,F
La Rioja,Unicameral,Legislatura,Miranda,Hugo Daniel,Fuerza Cívica Riojana,2017-2021,M
La Rioja,Unicameral,Legislatura,Muñoz,Egle Maricel,Partido Justicialista,2017-2021,F
La Rioja,Unicameral,Legislatura,Paez,Hugo Raúl,Partido Justicialista,2017-2021,M
La Rioja,Unicameral,Legislatura,Torres,Sylvia Sonia,Encuentro por La Rioja,2017-2021,F
La Rioja,Unicameral,Legislatura,Ruiz,Mario Claudio,Ciudadanos,2019-2023,M
La Rioja,Unicameral,Legislatura,Salzwedel,Rodolfo Ernesto,Unidos Somos Más,2019-2023,M
La Rioja,Unicameral,Legislatura,Santander,Juan Carlos,Partido Justicialista,2019-2021,M
La Rioja,Unicameral,Legislatura,Saúl,Cristina,Frente del Pueblo,2020-2021,F
La Rioja,Unicameral,Legislatura,Sotomayor,Antonio Arsenio,Frente de Todos,2019-2023,M
La Rioja,Unicameral,Legislatura,Vargas,Cesar Uriel,Frente de Todos,2019-2023,M
La Rioja,Unicameral,Legislatura,Gurgone Flores,Hernán,Acción Riojana,2019-2021,M
La Rioja,Unicameral,Legislatura,Romero,Juan Ramón,Partido Justicialista,2017-2021,M
La Rioja,Unicameral,Legislatura,Goycochea,Pedro Oscar,Encuentro por La Rioja,2019-2021,M
La Rioja,Unicameral,Legislatura,Delgado,Fernando Exequiel,Partido Justicialista,2019-2021,M
La Rioja,Unicameral,Legislatura,Galván,Mario Gustavo,Fuerza Cívica Riojana,2017-2021,M
La Rioja,Unicameral,Legislatura,Akiki,Claudio Rodrigo,Partido de la Victoria,2019-2023,M
La Rioja,Unicameral,Legislatura,Albarracín,Angel José,Frente de Todos,2019-2023,M
La Rioja,Unicameral,Legislatura,Aliendro,Carla Noelia,Frente de Todos,2019-2023,F
La Rioja,Unicameral,Legislatura,Amado Filipes,Juan Nicolás,Fuerza Cívica Riojana,2017-2021,M
La Rioja,Unicameral,Legislatura,Amoroso,Gabriela María,Con La gente,2017-2021,F
La Rioja,Unicameral,Legislatura,Barrera,Néstor,Frente de Todos,2020-2023,M
La Rioja,Unicameral,Legislatura,Bordagaray,Ismael Anibal,Fte. Social para el Desarrollo,2019-2023,M
La Rioja,Unicameral,Legislatura,Allendes,Ramón Alfredo,Frente de Todos,2019-2023,M
La Rioja,Unicameral,Legislatura,Castro,Carlos Renzo,Unidos Por Chemical,2019-2023,M
La Rioja,Unicameral,Legislatura,Ceballos,Anahí Arauco,Alianza Nuestra Rioja,2019-2023,F
La Rioja,Unicameral,Legislatura,Godoy,Antonio Roberto,Partido Justicialista,2017-2021,M
La Rioja,Unicameral,Legislatura,Díaz,German Enrique,Frente de Todos,2019-2023,M
La Rioja,Unicameral,Legislatura,Díaz Moreno,Elio Armando,Partido Justicialista,2017-2021,M
La Rioja,Unicameral,Legislatura,Fernandez,Carlos Alberto,Frente de Todos,2019-2023,M
La Rioja,Unicameral,Legislatura,Fonzalida,Nicolás Lázaro,Frente de Todos,2019-2023,M
La Rioja,Unicameral,Legislatura,Brigido,Alfredo Eduardo,Fuerza Cívica Riojana,2017-2021,M
Mendoza,Bicameral,Diputados,Reche,Adrián,UCR,2019-2023,M
Mendoza,Bicameral,Diputados,Pezzutti,Duilio,Frente de Todos,2019-2023,M
Mendoza,Bicameral,Diputados,Perviú,Helio,Frente de Todos,2018-2022,M
Mendoza,Bicameral,Diputados,Perret,Gustavo,Frente de Todos,2021-2022,M
Mendoza,Bicameral,Diputados,Martínez,Eduardo,Partido Intransigente,2018-2022,M
Mendoza,Bicameral,Diputados,Orts,José,UCR,2019-2023,M
Mendoza,Bicameral,Diputados,Mosso,Guillermo,Demócratas en el Frente,2019-2022,M
Mendoza,Bicameral,Diputados,Rodríguez,Cecilia,UCR,2018-2022,F
Mendoza,Bicameral,Diputados,Pérez,Cristina,Frente de Todos,2018-2022,F
Mendoza,Bicameral,Diputados,Rodríguez,Mailé,Frente de Izquierda y de Trabajadores,2018-2022,F
Mendoza,Bicameral,Diputados,Valverde,Verónica,Frente de Todos,2019-2023,F
Mendoza,Bicameral,Diputados,Salomón,Tamara,UCR,2018-2022,F
Mendoza,Bicameral,Diputados,Sanz,María José,UCR,2019-2023,F
Mendoza,Bicameral,Diputados,Sosa,Jorge,UCR,2018-2022,M
Mendoza,Bicameral,Diputados,Sosa,Carlos,Frente de Todos,2018-2022,M
Mendoza,Bicameral,Diputados,Soto,Laura,Frente de Todos,2019-2023,F
Mendoza,Bicameral,Diputados,Torres,Mauricio,Unión Popelar,2018-2022,M
Mendoza,Bicameral,Diputados,Vadillo,Mario,Ciudadanos por Mendoza,2018-2022,M
Mendoza,Bicameral,Diputados,Márquez,Néstor,Frente de Todos,2019-2023,M
Mendoza,Bicameral,Diputados,Videla,José María,Frente Renovador,2019-2023,M
Mendoza,Bicameral,Diputados,Zelaya,Paula,UCR,2019-2023,F
Mendoza,Bicameral,Diputados,Ruiz,Gustavo,UCR,2018-2022,M
Mendoza,Bicameral,Diputados,Majstruk,Gustavo,Frente de Todos,2018-2022,M
Mendoza,Bicameral,Diputados,Stocco,Silvia,Frente de Todos,2018-2022,F
Mendoza,Bicameral,Diputados,Lombardi,Andrés,UCR,2019-2023,M
Mendoza,Bicameral,Diputados,López,Jorge,UCR,2018-2022,M
Mendoza,Bicameral,Diputados,Andía,Ana María,UCR,2018-2022,F
Mendoza,Bicameral,Diputados,Anfuso,Silvia,Libres del Sur,2021-2022,F
Mendoza,Bicameral,Diputados,Arriaga,Maricel,UCR,2018-2022,F
Mendoza,Bicameral,Diputados,Astudillo,Sandra,UCR,2019-2023,F
Mendoza,Bicameral,Diputados,Bassín,Claudia,UCR,2018-2022,F
Mendoza,Bicameral,Diputados,Cairo,Gustavo,Protectora Fuerza Política,2018-2022,M
Mendoza,Bicameral,Diputados,Calle,Paola,Frente de Todos,2019-2023,F
Mendoza,Bicameral,Diputados,Campos,Emiliano,UCR,2019-2023,M
Mendoza,Bicameral,Diputados,Canale,Josefina,Partido Demócrata Progresista,2019-2023,F
Mendoza,Bicameral,Diputados,Aparicio,Marcelo,Frente de Todos,2018-2022,M
Mendoza,Bicameral,Diputados,Ceschín,Bruno,Frente de Todos,2019-2023,M
Mendoza,Bicameral,Diputados,Chazarreta,Laura,Frente de Todos,2019-2023,F
Mendoza,Bicameral,Diputados,Difonso,Jorge,Unión Popelar,2019-2023,M
Mendoza,Bicameral,Diputados,Fernández,Marcela,UCR,2018-2022,F
Mendoza,Bicameral,Diputados,García,Daniela,UCR,2019-2023,F
Mendoza,Bicameral,Diputados,Llano,Mercedes,Partido Demócrata,2019-2023,F
Mendoza,Bicameral,Diputados,Garnica,Marisa,Frente de Todos,2019-2023,F
Mendoza,Bicameral,Diputados,Gómez,Germán,Frente de Todos,2019-2023,M
Mendoza,Bicameral,Diputados,Gonzalez,Edgardo,Frente de Todos,2019-2023,M
Mendoza,Bicameral,Diputados,Lencinas,Carolina,UCR,2019-2023,F
Mendoza,Bicameral,Diputados,Casado,Hebe,PRO Propuesta Republicana,2018-2022,F
Misiones,Bicameral,Diputados,Rodríguez,Elvio Ceferino,Frente Renovador de la Concordia,2021-2025,M
Misiones,Bicameral,Diputados,Roa,Rolando Ariel,Frente Renovador de la Concordia,2021-2025,M
Misiones,Bicameral,Diputados,Petterson,Julio Alfredo,Frente Renovador de la Concordia,2017-2021,M
Misiones,Bicameral,Diputados,Pianesi,Ariel Fernando,Unión Cívica Radical,2017-2021,M
Misiones,Bicameral,Diputados,Rojas Decut,Sonia Elizabeth,Frente Renovador de la Concordia,2021-2025,F
Misiones,Bicameral,Diputados,Ratier Berrondo,Jorge Ubaldo,PRO Propuesta Republicana,2019-2023,M
Misiones,Bicameral,Diputados,Rojas,Silvia Araceli,Frente Renovador de la Concordia,2019-2023,F
Misiones,Bicameral,Diputados,Sereno,Martín Anibal,Partido Agrario y Social,2019-2023,M
Misiones,Bicameral,Diputados,Ruiz,Yamila Lisette,Frente Renovador de la Concordia,2019-2023,F
Misiones,Bicameral,Diputados,Sancho,Martín Braulio,Frente Encuentro Popular Agrario y Social para la Victoria,2021-2025,M
Misiones,Bicameral,Diputados,Sawicz,Norma Raquel,Frente Renovador de la Concordia,2021-2025,F
Misiones,Bicameral,Diputados,Torres,Lilia Noemí,Unión Cívica Radical,2021-2025,F
Misiones,Bicameral,Diputados,Vaider,Suzel Antonia,Frente Renovador de la Concordia,2021-2025,F
Misiones,Bicameral,Diputados,Velázquez Larraburu,Roxana Paola,PRO Propuesta Republicana,2019-2023,F
Misiones,Bicameral,Diputados,Pereyra Pigerl,Héctor Rafael,Frente Renovador de la Concordia,2017-2021,M
Misiones,Bicameral,Diputados,Vialey,Mario Ramón,Frente Renovador de la Concordia,2021-2025,M
Misiones,Bicameral,Diputados,Romero,Lucas Anibal,Frente Renovador de la Concordia,2019-2023,M
Misiones,Bicameral,Diputados,Olsson,Ramón Omar,Frente Renovador de la Concordia,2019-2023,M
Misiones,Bicameral,Diputados,Lezcano,Jorge Alberto,Frente Renovador de la Concordia,2021-2025,M
Misiones,Bicameral,Diputados,Mansilla,Santiago Javier,Frente Encuentro Popular Agrario y Social para la Victoria,2021-2025,M
Misiones,Bicameral,Diputados,Núñez,Rita Vanesa,Frente Renovador de la Concordia,2019-2023,F
Misiones,Bicameral,Diputados,Alvez,Blanca Ester,Frente Encuentro Popular Agrario y Social para la Victoria,2021-2025,F
Misiones,Bicameral,Diputados,Balán,Soledad,Frente Renovador de la Concordia,2019-2023,F
Misiones,Bicameral,Diputados,Bandera,María Cristina,Frente Renovador de la Concordia,2019-2023,F
Misiones,Bicameral,Diputados,Bezus,Verónica Adriana,Frente Renovador de la Concordia,2019-2023,F
Misiones,Bicameral,Diputados,Centeno,Anazul,Frente Renovador de la Concordia,2019-2023,F
Misiones,Bicameral,Diputados,Cesino,Jorge Martín,Frente Renovador de la Concordia,2017-2021,M
Misiones,Bicameral,Diputados,Cornelius,Gladys Haydee,Unión Cívica Radical,2021-2025,F
Misiones,Bicameral,Diputados,Cáceres,Felicia Mabel,Frente Renovador de la Concordia,2021-2025,F
Misiones,Bicameral,Diputados,Duarte,Isidro Javier,Frente Renovador de la Concordia,2021-2025,M
Misiones,Bicameral,Diputados,Fiege Wutzke,Karen Victoria,Frente Renovador de la Concordia,2021-2025,F
Misiones,Bicameral,Diputados,Franco,Jorge Daniel,Frente Renovador de la Concordia,2019-2023,M
Misiones,Bicameral,Diputados,González Coria,Selva Mikaela Daniela,PRO Propuesta Republicana,2021-2025,F
Misiones,Bicameral,Diputados,Kiczka,Germán,Activar,2021-2025,M
Misiones,Bicameral,Diputados,Lacour,Jorge Eduardo,Unión Cívica Radical,2019-2023,M
Misiones,Bicameral,Diputados,Llera,Héctor Ricardo,Frente Renovador de la Concordia,2019-2023,M
Misiones,Bicameral,Diputados,Duarte,Laura Grisel,Frente Renovador de la Concordia,2019-2023,F
Neuquén,Unicameral,Legislatura,Peralta,Osvaldo Darío,Frente de Todos,2019-2023,M
Neuquén,Unicameral,Legislatura,Martínez,María Soledad,Frente de Todos,2019-2023,F
Neuquén,Unicameral,Legislatura,Montecinos,Karina,Juntos por el Cambio,2019-2023,F
Neuquén,Unicameral,Legislatura,Muñoz,José Raúl,Demócrata Cristiano,2019-2023,M
Neuquén,Unicameral,Legislatura,Murisi,Liliana,Movimiento Popular Neuquino,2019-2023,F
Neuquén,Unicameral,Legislatura,Ortuño López,Natalio,Movimiento Popular Neuquino,2019-2023,M
Neuquén,Unicameral,Legislatura,Parrilli,María Lorena,Frente de Todos,2019-2023,F
Neuquén,Unicameral,Legislatura,Mansilla,Mariano,Frente de Todos,2019-2023,M
Neuquén,Unicameral,Legislatura,Quiroga,Ayelen,Juntos por el Cambio,2019-2023,F
Neuquén,Unicameral,Legislatura,Rioseco,Teresa,Frente de Todos,2019-2023,F
Neuquén,Unicameral,Legislatura,Rivero,Javier Alejandro,Movimiento Popular Neuquino,2019-2023,M
Neuquén,Unicameral,Legislatura,Rols,Francisco,Frente Integrador Neuquino,2019-2023,M
Neuquén,Unicameral,Legislatura,Salaburu,María Soledad,Frente de Todos,2019-2023,F
Neuquén,Unicameral,Legislatura,Sánchez,Carlos,Unión Popular,2019-2023,M
Neuquén,Unicameral,Legislatura,Villone,María Fernanda,Movimiento Popular Neuquino,2019-2023,F
Neuquén,Unicameral,Legislatura,Peressini,Andrés Arturo,Siempre,2019-2023,M
Neuquén,Unicameral,Legislatura,Jure,Patricia Noemí,Fte. de Izquierda y de los Trabajadores,2019-2023,F
Neuquén,Unicameral,Legislatura,Riccomini,Carina Yanet,Juntos,2019-2023,F
Neuquén,Unicameral,Legislatura,Gass,César Anibal,Juntos por el Cambio,2019-2023,M
Neuquén,Unicameral,Legislatura,Abdala,Lorena Vanesa,Movimiento Popular Neuquino,2019-2023,F
Neuquén,Unicameral,Legislatura,Aquin,Luis Ramón,Juntos por el Cambio,2019-2023,M
Neuquén,Unicameral,Legislatura,Betoldi Rosales,Gonzalo Darío,Frente de Todos,2019-2023,M
Neuquén,Unicameral,Legislatura,Bonotti,María Laura,Siempre,2019-2023,F
Neuquén,Unicameral,Legislatura,Campos,Elizabeth,Demócrata Cristiano,2019-2023,F
Neuquén,Unicameral,Legislatura,Gutiérrez,María Ayelen,Frente de Todos,2019-2023,F
Neuquén,Unicameral,Legislatura,Caparroz,Maximiliano,Movimiento Popular Neuquino,2019-2023,M
Neuquén,Unicameral,Legislatura,Blanco,Tomás Andrés,PTS - Frente de Izquierda,2019-2023,M
Neuquén,Unicameral,Legislatura,Chapino,Germán Armando,Movimiento Popular Neuquino,2019-2023,M
Neuquén,Unicameral,Legislatura,Coggiola,Carlos Alberto,Demócrata Cristiano,2019-2023,M
Neuquén,Unicameral,Legislatura,Du Plessis,María Laura,Movimiento Popular Neuquino,2019-2023,F
Neuquén,Unicameral,Legislatura,Esteves,Leticia Inés,Juntos por el Cambio,2019-2023,F
Neuquén,Unicameral,Legislatura,Fernández Novoa,Sergio,Frente de Todos,2019-2023,M
Neuquén,Unicameral,Legislatura,Gaitán,Ludmila,Movimiento Popular Neuquino,2019-2023,F
Neuquén,Unicameral,Legislatura,Gallia,Fernando Adrián,Frente Nuevo de Neuquén,2019-2023,M
Neuquén,Unicameral,Legislatura,Castelli,Lucas Alberto,Juntos por el Cambio,2019-2023,M
Río Negro,Unicameral,Legislatura,Ramos,Mejia Alejandro,Frente de Todos,2019-2023,M
Río Negro,Unicameral,Legislatura,Pica,Lucas Romeo,Juntos somos Río Negro,2019-2023,M
Río Negro,Unicameral,Legislatura,Noale,Luis Angel,Frente de Todos,2019-2023,M
Río Negro,Unicameral,Legislatura,Muena,Juan Pablo,Juntos somos Río Negro,2019-2023,M
Río Negro,Unicameral,Legislatura,Martín,Juan Carlos,Juntos por el Cambio,2019-2023,M
Río Negro,Unicameral,Legislatura,Mas,María Alejandra,Frente de Todos,2019-2023,F
Río Negro,Unicameral,Legislatura,Martini,María Eugenia,Frente de Todos,2019-2023,F
Río Negro,Unicameral,Legislatura,Rivas,José Francisco,Juntos somos Río Negro,2019-2023,M
Río Negro,Unicameral,Legislatura,Montecino Odarsa,Juan Facundo,Frente de Todos,2019-2023,M
Río Negro,Unicameral,Legislatura,Rochas,Nicolás,Frente de Todos,2019-2023,M
Río Negro,Unicameral,Legislatura,Vivanco,Graciela Noemí,Juntos somos Río Negro,2019-2023,F
Río Negro,Unicameral,Legislatura,Sanguinetti,Daniel Horacio,Juntos somos Río Negro,2019-2023,M
Río Negro,Unicameral,Legislatura,Silva,Mónica Esther,Juntos somos Río Negro,2019-2023,F
Río Negro,Unicameral,Legislatura,Sosa,Fabio Rubén,Juntos somos Río Negro,2019-2023,M
Río Negro,Unicameral,Legislatura,Szczygol,Marcelo Fabián,Juntos somos Río Negro,2019-2023,M
Río Negro,Unicameral,Legislatura,Torres,Nélida Norma,Juntos somos Río Negro,2019-2023,F
Río Negro,Unicameral,Legislatura,Valdebenito,Graciela Mirian,Juntos somos Río Negro,2019-2023,F
Río Negro,Unicameral,Legislatura,Marinao,Humberto Alejandro,Frente de Todos,2019-2023,M
Río Negro,Unicameral,Legislatura,Vogel,María Elena,Juntos somos Río Negro,2019-2023,F
Río Negro,Unicameral,Legislatura,Yauhar,Soraya Elisandra Iris,Juntos somos Río Negro,2019-2023,F
Río Negro,Unicameral,Legislatura,Salzotto,Daniela Silvina,Frente de Todos,2019-2023,F
Río Negro,Unicameral,Legislatura,Mango,Héctor Marcelo,Frente de Todos,2019-2023,M
Río Negro,Unicameral,Legislatura,Morales,Silvia Beatriz,Juntos somos Río Negro,2019-2023,F
Río Negro,Unicameral,Legislatura,Johnston,Carlos Alberto,Juntos somos Río Negro,2019-2023,M
Río Negro,Unicameral,Legislatura,Lopez,Facundo Manuel,Juntos somos Río Negro,2019-2023,M
Río Negro,Unicameral,Legislatura,Abraham,Gabriela Fernanda,Frente de Todos,2019-2023,F
Río Negro,Unicameral,Legislatura,Albrieu,Luis Horacio,Frente de Todos,2019-2023,M
Río Negro,Unicameral,Legislatura,Andaloro,Nancy Elisabet,Juntos somos Río Negro,2019-2023,F
Río Negro,Unicameral,Legislatura,Apud,José María,Juntos somos Río Negro,2019-2023,M
Río Negro,Unicameral,Legislatura,Barreno,Pablo Víctor,Frente de Todos,2019-2023,M
Río Negro,Unicameral,Legislatura,Belloso,Daniel Rubén,Frente de Todos,2019-2023,M
Río Negro,Unicameral,Legislatura,Berros,José Luis,Frente de Todos,2019-2023,M
Río Negro,Unicameral,Legislatura,Blanes,Norberto Gerardo,Juntos somos Río Negro,2019-2023,M
Río Negro,Unicameral,Legislatura,Caldiero,Sebastián,Juntos somos Río Negro,2019-2023,M
Río Negro,Unicameral,Legislatura,Casamiquela,Ignacio,Frente de Todos,2019-2023,M
Río Negro,Unicameral,Legislatura,Avila,Marcela Alejandra,Juntos somos Río Negro,2019-2023,F
Río Negro,Unicameral,Legislatura,Cides,Juan Elbi,Juntos somos Río Negro,2019-2023,M
Río Negro,Unicameral,Legislatura,Contreras,Claudia Elizabeth,Juntos somos Río Negro,2019-2023,F
Río Negro,Unicameral,Legislatura,Del Agua,Adriana Laura,Juntos somos Río Negro,2019-2023,F
Río Negro,Unicameral,Legislatura,Fernández,Julia Elena,Juntos somos Río Negro,2019-2023,F
Río Negro,Unicameral,Legislatura,Fernández,Roxana Celia,Juntos somos Río Negro,2019-2023,F
Río Negro,Unicameral,Legislatura,Gemignani,María Liliana,Juntos somos Río Negro,2019-2023,F
Río Negro,Unicameral,Legislatura,Grandoso,María Inés,Frente de Todos,2019-2023,F
Río Negro,Unicameral,Legislatura,Herrero,Helena María,Juntos somos Río Negro,2019-2023,F
Río Negro,Unicameral,Legislatura,Chiocconi,Antonio Ramón,Frente de Todos,2019-2023,M
Río Negro,Unicameral,Legislatura,Ibañez,Huayquian Carmelo Darío,Juntos somos Río Negro,2019-2023,M
Salta,Bicameral,Diputados,Rigo Barea,Noelia Cecilia,Justicialista Gustavo Sáenz Conducción,2019-2023,F
Salta,Bicameral,Diputados,Restom,Jorge Miguel,Todos,2021-2025,M
Salta,Bicameral,Diputados,Rallé,Germán Darío,Justicialista Gustavo Sáenz Conducción,2019-2023,M
Salta,Bicameral,Diputados,Pérez,Martín Miguel,Justicialista Gustavo Sáenz Conducción,2019-2023,M
Salta,Bicameral,Diputados,Perdigón Weber,Julieta Estefanía,Ahora Salta,2021-2023,F
Salta,Bicameral,Diputados,Peñalba Arias,Patricio,Justicialista Gustavo Sáenz Conducción,2021-2025,M
Salta,Bicameral,Diputados,Otero,Antonio Sebastián,Salta Tiene Futuro,2021-2025,M
Salta,Bicameral,Diputados,Paredes,Gladys Lidia,Más Salta,2021-2025,F
Salta,Bicameral,Diputados,Pantaleón,Gustavo Javier,Justicialista Gustavo Sáenz Conducción,2019-2023,M
Salta,Bicameral,Diputados,Orozco,Gustavo Orlando,Justicialista Gustavo Sáenz Conducción,2021-2025,M
Salta,Bicameral,Diputados,Riquelme,Teodora Ramona,Igualar,2021-2025,F
Salta,Bicameral,Diputados,Navarro,Alejandra Beatriz,Más Salta,2021-2025,F
Salta,Bicameral,Diputados,Paz,Javier Marcelo,Justicialista Gustavo Sáenz Conducción,2021-2025,M
Salta,Bicameral,Diputados,Rodriguez,Francisco Fabio,Justicialista Gustavo Sáenz Conducción,2019-2023,M
Salta,Bicameral,Diputados,Valenzuela Giantomasi,Adrián Alfredo,Justicialista Gustavo Sáenz Conducción,2019-2023,M
Salta,Bicameral,Diputados,Roque Posse,Juan Carlos,Salta Tiene Futuro,2021-2025,M
Salta,Bicameral,Diputados,Saicha Ibañez,María Verónica,Salta Tiene Futuro,2021-2025,F
Salta,Bicameral,Diputados,Salva,Azucena Atanasia,Justicialista Gustavo Sáenz Conducción,2019-2023,F
Salta,Bicameral,Diputados,Sansone,Enrique Daniel,Salta Tiene Futuro,2019-2023,M
Salta,Bicameral,Diputados,Seco,Claudia Gloria,Salta Tiene Futuro,2021-2025,F
Salta,Bicameral,Diputados,Yonar,Lino Fernando,Justicialista Gustavo Sáenz Conducción,2019-2023,M
Salta,Bicameral,Diputados,Segundo,Rogelio Guaipo,Justicialista Gustavo Sáenz Conducción,2021-2025,M
Salta,Bicameral,Diputados,Segura Gimenez,Daniel Alejandro,Más Salta,2019-2023,M
Salta,Bicameral,Diputados,Sierra,Sofía,PRO,2021-2025,F
Salta,Bicameral,Diputados,Vargas,Ricardo Germán,Justicialista Gustavo Sáenz Conducción,2021-2025,M
Salta,Bicameral,Diputados,Vargas,Santiago Raúl,Unión Cívica Radical,2021-2025,M
Salta,Bicameral,Diputados,Villamayor,María del Socorro,Salta Tiene Futuro,2019-2023,F
Salta,Bicameral,Diputados,Monteagudo,Matías,Unión Cívica Radical,2019-2023,M
Salta,Bicameral,Diputados,Romero,Juan Esteban,Salta Tiene Futuro,2021-2025,M
Salta,Bicameral,Diputados,López,María del Socorro,Justicialista Gustavo Sáenz Conducción,2021-2025,F
Salta,Bicameral,Diputados,Cañizares,Federico Miguel,Justicialista Gustavo Sáenz Conducción,2021-2025,M
Salta,Bicameral,Diputados,Leguina,Marcela del Valle,Justicialista Gustavo Sáenz Conducción,2021-2025,F
Salta,Bicameral,Diputados,Acosta,Osbaldo Francisco,Justicialista Gustavo Sáenz Conducción,2019-2023,M
Salta,Bicameral,Diputados,Albez,Luis Fernando,Justicialista Gustavo Sáenz Conducción,2019-2023,M
Salta,Bicameral,Diputados,Amat,Esteban,Justicialista Gustavo Sáenz Conducción,2019-2023,M
Salta,Bicameral,Diputados,Balderrama,Moisés Justiniano,Justicialista Gustavo Sáenz Conducción,2021-2025,M
Salta,Bicameral,Diputados,López,Fabio Enrique,Justicialista Gustavo Sáenz Conducción,2019-2023,M
Salta,Bicameral,Diputados,Biella Calvet,Bernardo José,Salta Independiente,2021-2025,M
Salta,Bicameral,Diputados,Bonifacio,Roberto Ángel,Justicialista Gustavo Sáenz Conducción,2019-2023,M
Salta,Bicameral,Diputados,Caro Dávalos,Gonzalo,Justicialista Gustavo Sáenz Conducción,2019-2023,M
Salta,Bicameral,Diputados,Cartuccia,Laura Deolinda,Salta Tiene Futuro,2019-2023,F
Salta,Bicameral,Diputados,Ceaglio,Carolina Rosana,Justicialista Gustavo Sáenz Conducción,2021-2025,F
Salta,Bicameral,Diputados,Cordoba,Ana Laura,Justicialista Gustavo Sáenz Conducción,2021-2025,F
Salta,Bicameral,Diputados,Cornejo Avellaneda,Roque Ramón,Ahora Salta,2021-2025,M
Salta,Bicameral,Diputados,Dantur,Gustavo Bernardo,Más Salta,2021-2025,M
Salta,Bicameral,Diputados,Battaglia Leiva,Jesús David,Memoria y Movilización Social,2021-2025,M
Salta,Bicameral,Diputados,Díaz,Elena Nahir,Justicialista Gustavo Sáenz Conducción,2021-2023,F
Salta,Bicameral,Diputados,De Vita,Isabel Marcelina,Todos,2021-2025,F
Salta,Bicameral,Diputados,Lamberto,Víctor Manuel,Salta Tiene Futuro,2021-2025,M
Salta,Bicameral,Diputados,Juárez,Mónica Gabriela,Salta 8 de Octubre,2019-2023,F
Salta,Bicameral,Diputados,Jarsún Lamónca,Jorge Ignacio,Salta Tiene Futuro,2019-2023,M
Salta,Bicameral,Diputados,Jaime,Nancy Liliana,Más Salta,2021-2025,F
Salta,Bicameral,Diputados,Hucena,Patricia del Carmen,Justicialista Gustavo Sáenz Conducción,2019-2023,F
Salta,Bicameral,Diputados,Juárez,Jorgelina Silvia,Todos,2019-2023,F
Salta,Bicameral,Diputados,Guanca,Ernesto Gerardo,Justicialista Gustavo Sáenz Conducción,2019-2023,M
Salta,Bicameral,Diputados,Gomez,Pablo Raúl Alejandro,Todos,2021-2025,M
Salta,Bicameral,Diputados,Frisoli,María Cristina,Salta Independiente,2021-2025,F
Salta,Bicameral,Diputados,Fiore Viñuales,María Cristina del Valle,Ahora Salta,2019-2023,F
Salta,Bicameral,Diputados,Exeni Armiñana,Omar,Justicialista Gustavo Sáenz Conducción,2019-2023,M
Salta,Bicameral,Diputados,Hernandez Berni,Franco Esteban,Todos,2019-2023,M
San Juan,Bicameral,Diputados,Quiroga,Horacio Juan,Frente Grande/ Unidad Ciudadana,2019-2023,M
San Juan,Bicameral,Diputados,Nuñez,Ramón Miguel,Justicialista,2019-2023,M
San Juan,Bicameral,Diputados,Ortiz,Alfredo Simón,Justicialista,2019-2023,M
San Juan,Bicameral,Diputados,Paredes,María Fernanda,Justicialista,2019-2023,F
San Juan,Bicameral,Diputados,Peñaloza,María Florencia,ConFe Somos San Juan,2019-2023,F
San Juan,Bicameral,Diputados,Picón,Nancy Viviana,Producción y Trabajo,2019-2023,F
San Juan,Bicameral,Diputados,Platero,Carlos Antonio,Producción y Trabajo,2019-2023,M
San Juan,Bicameral,Diputados,Quiroga,Marcela Ruth,Producción y Trabajo,2019-2023,F
San Juan,Bicameral,Diputados,Sánchez,Miguel Ángel,Del Este,2019-2023,M
San Juan,Bicameral,Diputados,Ramella,Celina Inés,Justicialista,2019-2023,F
San Juan,Bicameral,Diputados,Roca,Juan Manuel,Producción y Trabajo,2019-2023,M
San Juan,Bicameral,Diputados,Rodríguez,Gustavo Raúl,Justicialista,2019-2023,M
San Juan,Bicameral,Diputados,Romero,Mario Adrián,Justicialista,2019-2023,M
San Juan,Bicameral,Diputados,Sancassani,Edgardo Emilio,Bloquista,2019-2023,M
San Juan,Bicameral,Diputados,Seva,Graciela Hilda,Justicialista,2019-2023,F
San Juan,Bicameral,Diputados,Monti,Marcela Gema,Justicialista,2019-2023,F
San Juan,Bicameral,Diputados,Usin,Gustavo Walter,Actuar,2019-2023,M
San Juan,Bicameral,Diputados,Montaño,Enrique Daniel,San Juan Primero,2019-2023,M
San Juan,Bicameral,Diputados,Chica,Juan José,Justicialista,2019-2023,M
San Juan,Bicameral,Diputados,Marinero,Mauro,Bloquista,2019-2023,M
San Juan,Bicameral,Diputados,Miodowsky,Sergio David,Producción y Trabajo,2019-2023,M
San Juan,Bicameral,Diputados,Abarca,Juan Carlos,Justicialista,2019-2023,M
San Juan,Bicameral,Diputados,Atencio,Silvio Marcelo,Justicialista,2019-2023,M
San Juan,Bicameral,Diputados,Barifusa,Jorge,Justicialista,2019-2023,M
San Juan,Bicameral,Diputados,Cabello,Eduardo Omar,Justicialista,2019-2023,M
San Juan,Bicameral,Diputados,Carrión,Ruben Alberto,Justicialista,2019-2023,M
San Juan,Bicameral,Diputados,Chanampa,Andrés Horacio,Bloquista,2019-2023,M
San Juan,Bicameral,Diputados,Berenguer,Francisco Gastón,Justicialista,2019-2023,M
San Juan,Bicameral,Diputados,Esteve,José Luís,Justicialista,2019-2023,M
San Juan,Bicameral,Diputados,Gioja,Juan Carlos,Justicialista,2019-2023,M
San Juan,Bicameral,Diputados,Gioja,Leonardo César,Justicialista,2019-2023,M
San Juan,Bicameral,Diputados,Hensel,Federico Alberto,Justicialista,2019-2023,M
San Juan,Bicameral,Diputados,Jaime Quiroga,Carlos  Gustavo,Producción y Trabajo,2019-2023,M
San Juan,Bicameral,Diputados,Jalife,Rodolfo Alejandro,Justicialista,2019-2023,M
San Juan,Bicameral,Diputados,Mallea,Andrés Marcelo,Del Este,2019-2023,M
San Juan,Bicameral,Diputados,Cornejo,Enzo Ariel,Juntos Por el Cambio,2019-2023,M
San Luis,Bicameral,Diputados,Ochoa,Mirtha Beatriz,Frente Unidad Justicialista,2019-2023,F
San Luis,Bicameral,Diputados,Muñoz,Carlos Tránsito,Frente Unidad Justicialista,2021-2025,M
San Luis,Bicameral,Diputados,Morales,Gustavo Daniel,Frente Unidad Justicialista,2019-2023,M
San Luis,Bicameral,Diputados,Lucero,Érica Anabela,Frente Unidad Justicialista,2019-2023,F
San Luis,Bicameral,Diputados,Mancilla,María Gabriela,Interbloque San Luis Unido,2021-2025,F
San Luis,Bicameral,Diputados,Lucero Guillet,Luis Adolfo,Interbloque San Luis Unido,2019-2023,M
San Luis,Bicameral,Diputados,Páez,Teresa Catalina,Frente Unidad Justicialista,2019-2023,F
San Luis,Bicameral,Diputados,Merlo,Mario Raúl,Juntos por la Gente,2019-2023,M
San Luis,Bicameral,Diputados,Páez Logioia,Marcelo Horacio,Frente Unidad Justicialista,2021-2025,M
San Luis,Bicameral,Diputados,Spinuzza,María Fernanda,Frente de Unidad Justicialista,2021-2025,F
San Luis,Bicameral,Diputados,Pedernera,José Hipólito,Frente Unidad Justicialista,2019-2023,M
San Luis,Bicameral,Diputados,Perano,Luciana María,Interbloque San Luis Unido,2021-2025,F
San Luis,Bicameral,Diputados,Pereira,Carlos Roberto,Interbloque San Luis Unido,2021-2025,M
San Luis,Bicameral,Diputados,Pinelli,Claudia Mariela,Frente Unidad Justicialista,2021-2025,F
San Luis,Bicameral,Diputados,Portela,María del Carmen,Frente Unidad Justicialista,2019-2023,F
San Luis,Bicameral,Diputados,Sosa,Victor Manuel,Interbloque San Luis Unido,2019-2023,M
San Luis,Bicameral,Diputados,Sosa Araujo,Silvia,Frente de Unidad Justicialista,2021-2025,F
San Luis,Bicameral,Diputados,Leyes,Ramón Alberto,Frente Unidad Justicialista,2021-2025,M
San Luis,Bicameral,Diputados,Trombotto,Federico Alberto,Interbloque San Luis Unido,2021-2025,M
San Luis,Bicameral,Diputados,Patafio,Marisa Noemí,Interbloque San Luis Unido,2021-2025,F
San Luis,Bicameral,Diputados,Larroudé,Bárbara Sofía,Frente Unidad Justicialista,2021-2025,F
San Luis,Bicameral,Diputados,Petrino,Gloria Isabel,Frente Unidad Justicialista,2021-2025,F
San Luis,Bicameral,Diputados,Hissa,Jorge Gastón,Interbloque San Luis Unido,2017-2021,M
San Luis,Bicameral,Diputados,Agüero,Adrián Fabio,Frente Unidad Justicialista,2019-2023,M
San Luis,Bicameral,Diputados,Agüero,Analía María del Valle,Frente Unidad Justicialista,2019-2023,F
San Luis,Bicameral,Diputados,Albornoz,Nancy del Valle,Interbloque San Luis Unido,2017-2021,F
San Luis,Bicameral,Diputados,Altamiranda,Carlos Oscar,Frente Unidad Justicialista,2021-2025,M
San Luis,Bicameral,Diputados,Alume Nasif,Mario Luis,Juntos por la Gente,2019-2023,M
San Luis,Bicameral,Diputados,Irusta,Francisco Ibar,Frente Unidad Justicialista,2019-2023,M
San Luis,Bicameral,Diputados,Arenas,Berta Hortensia,Juntos por la Gente,2019-2023,F
San Luis,Bicameral,Diputados,Barrozo,Ariel Oscar,UCR - Arturo Illia,2019-2023,M
San Luis,Bicameral,Diputados,Becerra,Mónica Mariela,Interbloque San Luis Unido,2019-2023,F
San Luis,Bicameral,Diputados,Anzulovich Aguilar,Nicolás Vicente,Frente Unidad Justicialista,2021-2025,M
San Luis,Bicameral,Diputados,Blumencweig,Ingrid Rosa,Frente Unidad Justicialista,2021-2025,F
San Luis,Bicameral,Diputados,Causi,Verónica Teresa,San Luiseños por el Cambio,2019-2023,F
San Luis,Bicameral,Diputados,Dassa,Claudia Rossana,Interbloque San Luis Unido,2021-2025,F
San Luis,Bicameral,Diputados,Delarco,Sonia Edith,Frente Unidad Justicialista,2017-2021,F
San Luis,Bicameral,Diputados,Eduardo,Juan Carlos,Frente Unidad Justicialista,2019-2023,M
San Luis,Bicameral,Diputados,Gallardo,María Eugenia,Interbloque San Luis Unido,2021-2025,F
San Luis,Bicameral,Diputados,Garro,Verónica,Frente Unidad Justicialista,2019-2023,F
San Luis,Bicameral,Diputados,Giménez,Ricardo Javier,UCR - Arturo Illia,2017-2021,M
San Luis,Bicameral,Diputados,Gostelli,María del Carmen,Frente Unidad Justicialista,2021-2025,F
San Luis,Bicameral,Diputados,Berardo,Federico,Frente Unidad Justicialista,2021-2025,M
Santa Cruz,Bicameral,Diputados,Miñones,Juan Manuel,Frente de Todos,2019-2023,M
Santa Cruz,Bicameral,Diputados,Nieto,Karina Alejandra,Frente de Todos,2019-2023,F
Santa Cruz,Bicameral,Diputados,Ormeño,César Adriel,Frente de Todos,2019-2023,M
Santa Cruz,Bicameral,Diputados,Paradis,Leonardo Aníbal,Frente de Todos,2019-2023,M
Santa Cruz,Bicameral,Diputados,Santi,Carlos Alcides,Frente de Todos,2019-2023,M
Santa Cruz,Bicameral,Diputados,Ricci,Nadia Lorena,Nueva Santa Cruz,2019-2023,F
Santa Cruz,Bicameral,Diputados,Roquel,Daniel Alberto,Nueva Santa Cruz,2019-2023,M
Santa Cruz,Bicameral,Diputados,Ruíz,Evaristo Alfredo,Nueva Santa Cruz,2019-2023,M
Santa Cruz,Bicameral,Diputados,Toro,Liliana Mabel,Frente de Todos,2019-2023,F
Santa Cruz,Bicameral,Diputados,Peralta,Claudio Alejandrino,Frente de Todos,2019-2023,M
Santa Cruz,Bicameral,Diputados,Mazú,Horacio Matías,Frente de Todos,2019-2023,M
Santa Cruz,Bicameral,Diputados,Michudis,Nicolas Constantino,Frente de Todos,2019-2023,M
Santa Cruz,Bicameral,Diputados,Garrido,José Luis,Frente de Todos,2019-2023,M
Santa Cruz,Bicameral,Diputados,García,María Rocío,Frente de Todos,2019-2023,F
Santa Cruz,Bicameral,Diputados,Garay,Hugo René,Frente de Todos,2019-2023,M
Santa Cruz,Bicameral,Diputados,Gallart Pérez,Javier Ignacio,Nueva Santa Cruz,2019-2023,M
Santa Cruz,Bicameral,Diputados,Farías,Miguel Enrique,Frente de Todos,2019-2023,M
Santa Cruz,Bicameral,Diputados,Elorrieta,Hernán Ariel,Frente de Todos,2019-2023,M
Santa Cruz,Bicameral,Diputados,Echazú,Eloy Dante,Frente de Todos,2019-2023,M
Santa Cruz,Bicameral,Diputados,Chávez,Martín Luciano,Frente de Todos,2019-2023,M
Santa Cruz,Bicameral,Diputados,Bodlovic,José Ramón,Frente de Todos,2019-2023,M
Santa Cruz,Bicameral,Diputados,Bilardo,Guillermo Ricardo,Frente de Todos,2019-2023,M
Santa Cruz,Bicameral,Diputados,Arabel,Jorge Mario,Frente de Todos,2019-2023,M
Santa Cruz,Bicameral,Diputados,Hindie,Laura Elisa,Frente de Todos,2019-2023,F
Santa Fe,Bicameral,Diputados,Mahmud,Gisel,Frente Progresista Cívico y Social,2019-2023,F
Santa Fe,Bicameral,Diputados,Ulieldín,Lorena,Frente Progresista Cívico y Social,2019-2023,F
Santa Fe,Bicameral,Diputados,Lenci,Estebán,Frente Progresista Cívico y Social,2019-2023,M
Santa Fe,Bicameral,Diputados,Hynes,Erica,Frente Progresista Cívico y Social,2019-2023,F
Santa Fe,Bicameral,Diputados,Garibay,Jóse León,Frente Progresista Cívico y Social,2019-2023,M
Santa Fe,Bicameral,Diputados,González,Marcelo,Frente Progresista Cívico y Social,2019-2023,M
Santa Fe,Bicameral,Diputados,Giustiniani,Rubén Héctor,Igualdad,2019-2023,M
Santa Fe,Bicameral,Diputados,Ghione,Arnaldo Walter,Somos Vida y Familia,2019-2023,M
Santa Fe,Bicameral,Diputados,Martínez,Oscar,Frente Renovador,2019-2023,M
Santa Fe,Bicameral,Diputados,Granata,Amalia,Somos Vida,2019-2023,F
Santa Fe,Bicameral,Diputados,Mayoraz,Nicolás,Somos Vida y Familia,2019-2023,M
Santa Fe,Bicameral,Diputados,Pinotti,Pablo,Frente Progresista Cívico y Social,2019-2023,M
Santa Fe,Bicameral,Diputados,Orciani,Georgina,Frente Progresista Cívico y Social,2019-2023,F
Santa Fe,Bicameral,Diputados,Pacchiotti,Dámaris,Frente Social y Popular,2019-2023,F
Santa Fe,Bicameral,Diputados,Palo Oliver,Claudio Fabián,Frente Progresista Cívico y Social,2019-2023,M
Santa Fe,Bicameral,Diputados,Peralta,Mónica,Frente Progresista Cívico y Social,2019-2023,F
Santa Fe,Bicameral,Diputados,Pullaro,Maximiliano,Frente Progresista Cívico y Social,2019-2023,M
Santa Fe,Bicameral,Diputados,Real,Gabriel,Frente Progresista Cívico y Social,2019-2023,M
Santa Fe,Bicameral,Diputados,Rubeo,Luis Daniel,Justicialismo,2019-2023,M
Santa Fe,Bicameral,Diputados,Senn,Jimena,Frente Progresista Cívico y Social,2019-2023,F
Santa Fe,Bicameral,Diputados,Sola,María Ximena,Juntos por el Cambio,2019-2023,F
Santa Fe,Bicameral,Diputados,García,Clara Rut,Frente Progresista Cívico y Social,2019-2023,F
Santa Fe,Bicameral,Diputados,Olivera,Ricardo,Justicialismo,2019-2023,M
Santa Fe,Bicameral,Diputados,Galdeano,Julián,Juntos por el Cambio,2019-2023,M
Santa Fe,Bicameral,Diputados,Lifschitz,Miguel,Frente Progresista Cívico y Social,2019-2023,M
Santa Fe,Bicameral,Diputados,Farías,Pablo,Frente Progresista Cívico y Social,2019-2023,M
Santa Fe,Bicameral,Diputados,Florito,Betina Inés,Somos Vida,2019-2023,F
Santa Fe,Bicameral,Diputados,Arcando,Cesira,Juntos por el Cambio,2019-2023,F
Santa Fe,Bicameral,Diputados,Argañaráz,Juan Domingo,Somos Vida y Familia,2019-2023,M
Santa Fe,Bicameral,Diputados,Balagué,Claudia,Frente Progresista Cívico y Social,2019-2023,F
Santa Fe,Bicameral,Diputados,Basile,Sergio,Frente Progresista Cívico y Social,2019-2023,M
Santa Fe,Bicameral,Diputados,Bastía,Fabían,Frente Progresista Cívico y Social,2019-2023,M
Santa Fe,Bicameral,Diputados,Bellatti,Rosana,Frente Progresista Cívico y Social,2019-2023,F
Santa Fe,Bicameral,Diputados,Bermúdez,Ariel Esteban,Frente Progresista Cívico y Social,2019-2023,M
Santa Fe,Bicameral,Diputados,Blanco,Joaquín Andrés,Frente Progresista Cívico y Social,2019-2023,M
Santa Fe,Bicameral,Diputados,Boscarol,Alejandro,Juntos por el Cambio,2019-2023,M
Santa Fe,Bicameral,Diputados,Bravo,Paola,Justicialismo,2019-2023,F
Santa Fe,Bicameral,Diputados,Armas Belavi,Natalia,Somos Vida y Familia,2019-2023,F
Santa Fe,Bicameral,Diputados,Busatto,Leandro,Justicialismo,2019-2023,M
Santa Fe,Bicameral,Diputados,Bruera,Matilde,Justicialismo,2019-2023,F
Santa Fe,Bicameral,Diputados,Espíndola,Marlen,Frente Progresista Cívico y Social,2019-2023,F
Santa Fe,Bicameral,Diputados,Donnet,Agustina,Igualdad,2019-2023,F
Santa Fe,Bicameral,Diputados,Del Frade,Carlos Alfredo,Frente Social y Popular,2019-2023,M
Santa Fe,Bicameral,Diputados,De Ponti,Lucila,Justicialismo,2019-2023,F
Santa Fe,Bicameral,Diputados,Di Stefano,Silvana,Frente Progresista Cívico y Social,2019-2023,F
Santa Fe,Bicameral,Diputados,Ciancio,Silvia,Frente Progresista Cívico y Social,2019-2023,F
Santa Fe,Bicameral,Diputados,Chumpitaz Filipone,Gabriel,Juntos por el Cambio,2019-2023,M
Santa Fe,Bicameral,Diputados,Cattalini,Lionella,Frente Progresista Cívico y Social,2019-2023,F
Santa Fe,Bicameral,Diputados,Cruz Cándido,Juan,Frente Progresista Cívico y Social,2019-2023,M
Santa Fe,Bicameral,Diputados,Corgniali,María Laura,Frente Progresista Cívico y Social,2019-2023,F
Santiago del Estero,Bicameral,Diputados,Paz Lescano,Víctor Manuel,Partido Justicialista,2021-2025,M
Santiago del Estero,Bicameral,Diputados,Sabalza,María Luján,Partido Justicialista,2021-2025,F
Santiago del Estero,Bicameral,Diputados,Posse,Rodrigo,Cambiemos,2021-2025,M
Santiago del Estero,Bicameral,Diputados,Regaldo,Marta Amalia,Frente Cívico de Santiago,2021-2025,F
Santiago del Estero,Bicameral,Diputados,Romano,Antonio Anselmo,Partido Justicialista,2021-2025,M
Santiago del Estero,Bicameral,Diputados,Romero,Silvia Liliana,Frente Cívico de Santiago,2021-2025,F
Santiago del Estero,Bicameral,Diputados,Rueda,Gabriela de los Ángeles,Frente Cívico de Santiago,2021-2025,F
Santiago del Estero,Bicameral,Diputados,Salim,Néstor Humberto,Partido Justicialista,2021-2025,M
Santiago del Estero,Bicameral,Diputados,Sosa,Georgina Marcela,Frente Cívico de Santiago,2021-2025,F
Santiago del Estero,Bicameral,Diputados,Sayago,Silvia,Frente Cívico de Santiago,2021-2025,F
Santiago del Estero,Bicameral,Diputados,Sequeira,Arsenio Juan,Frente Cívico de Santiago,2021-2025,M
Santiago del Estero,Bicameral,Diputados,Silva Nader,Carlos,Partido Justicialista,2021-2025,M
Santiago del Estero,Bicameral,Diputados,Soria,Marcela Antonia,Partido Justicialista,2021-2025,F
Santiago del Estero,Bicameral,Diputados,Sosa,Nélida Clementina,Frente Cívico de Santiago,2021-2025,F
Santiago del Estero,Bicameral,Diputados,Villavicencio,Luis Humberto,Partido Justicialista,2021-2025,M
Santiago del Estero,Bicameral,Diputados,Vittar,Leticia,Cambiemos,2021-2025,F
Santiago del Estero,Bicameral,Diputados,Núñez,Claudia Patricia,Cambiemos,2021-2025,F
Santiago del Estero,Bicameral,Diputados,Santucho,Cilda Ofelina,Frente Cívico de Santiago,2021-2025,F
Santiago del Estero,Bicameral,Diputados,Nazar,Marcelo Antonino,Partido Justicialista,2021-2025,M
Santiago del Estero,Bicameral,Diputados,Zamora,Daniel,Frente Cívico de Santiago,2021-2025,M
Santiago del Estero,Bicameral,Diputados,Maldi,Flavia,Cambiemos,2021-2025,F
Santiago del Estero,Bicameral,Diputados,Moreno,Elia Esther del Carmen,Frente Cívico de Santiago,2021-2025,F
Santiago del Estero,Bicameral,Diputados,Ávila,Orlando Nicolás,Partido Justicialista,2021-2025,M
Santiago del Estero,Bicameral,Diputados,Bacarat,Juan Manuel,Libres del Sur,2021-2025,M
Santiago del Estero,Bicameral,Diputados,Becker,Ramón Lisandro,Cambiemos,2021-2025,M
Santiago del Estero,Bicameral,Diputados,Blazquez,Ramón Rubén,Frente Cívico de Santiago,2021-2025,M
Santiago del Estero,Bicameral,Diputados,Brandán de Rigo,María del Valle,Frente Cívico de Santiago,2021-2025,F
Santiago del Estero,Bicameral,Diputados,Cantoni,Mario Gustavo,Frente Cívico de Santiago,2021-2025,M
Santiago del Estero,Bicameral,Diputados,Chamarro,Amado Tomás,Partido Justicialista,2021-2025,M
Santiago del Estero,Bicameral,Diputados,Comán,Julia Antonia,Partido Justicialista,2021-2025,F
Santiago del Estero,Bicameral,Diputados,Bravo,Rómulo Edgardo,Partido Justicialista,2021-2025,M
Santiago del Estero,Bicameral,Diputados,Ger,Roberto Luis,Frente Cívico de Santiago,2021-2025,M
Santiago del Estero,Bicameral,Diputados,Giménez,José Fernando Daniel,Libres del Sur,2021-2025,M
Santiago del Estero,Bicameral,Diputados,Herrera,Marisa Analía,Partido Justicialista,2021-2025,F
Santiago del Estero,Bicameral,Diputados,Juárez Fantoni,Claudia,Cambiemos,2021-2025,F
Santiago del Estero,Bicameral,Diputados,Krede,José Luis,Frente Cívico de Santiago,2021-2025,M
Santiago del Estero,Bicameral,Diputados,Larcher,Verónica Alejandra,Libres del Sur,2021-2025,F
Santiago del Estero,Bicameral,Diputados,López Castro de Zavalía,Florencia,Frente Cívico de Santiago,2021-2025,F
Santiago del Estero,Bicameral,Diputados,Makhoul,Claudia Alejandra,Partido Justicialista,2021-2025,F
Santiago del Estero,Bicameral,Diputados,Floridia,Gerardo Valentín,Cambiemos,2021-2025,M
"Tierra del Fuego, Antártida e Islas del Atlántico Sur",Unicameral,Legislatura,Martínez,Myriam Noemí,Frente de Todos - Partido Justicialista,2019-2023,F
"Tierra del Fuego, Antártida e Islas del Atlántico Sur",Unicameral,Legislatura,Vuoto,María  Victoria,Partido Verde,2019-2023,F
"Tierra del Fuego, Antártida e Islas del Atlántico Sur",Unicameral,Legislatura,Villegas,Pablo Gustavo,Movimiento Popular Fueguino,2019-2023,M
"Tierra del Fuego, Antártida e Islas del Atlántico Sur",Unicameral,Legislatura,Trentino,Emmanuel,FORJA,2019-2023,M
"Tierra del Fuego, Antártida e Islas del Atlántico Sur",Unicameral,Legislatura,Sciurano,Federico,Unión Cívica Radical,2019-2023,M
"Tierra del Fuego, Antártida e Islas del Atlántico Sur",Unicameral,Legislatura,Rivarola,Pablo Daniel,FORJA,2019-2023,M
"Tierra del Fuego, Antártida e Islas del Atlántico Sur",Unicameral,Legislatura,Löffler,Damián,Movimiento Popular Fueguino,2019-2023,M
"Tierra del Fuego, Antártida e Islas del Atlántico Sur",Unicameral,Legislatura,Martínez Allende,Liliana,Unión Cívica Radical,2019-2023,F
"Tierra del Fuego, Antártida e Islas del Atlántico Sur",Unicameral,Legislatura,Furlán,Ricardo Humberto,Frente de Todos - Partido Justicialista,2019-2023,M
"Tierra del Fuego, Antártida e Islas del Atlántico Sur",Unicameral,Legislatura,Freites,Andrea Graciela,Frente de Todos - Partido Justicialista,2019-2023,F
"Tierra del Fuego, Antártida e Islas del Atlántico Sur",Unicameral,Legislatura,Colazo,Mario Jorge,Partido Verde,2019-2023,M
"Tierra del Fuego, Antártida e Islas del Atlántico Sur",Unicameral,Legislatura,Colazo,María Laura,Partido Verde,2019-2023,F
"Tierra del Fuego, Antártida e Islas del Atlántico Sur",Unicameral,Legislatura,Bilota  Ivandic,Federico Ricardo,Frente de Todos - Partido Justicialista,2019-2023,M
"Tierra del Fuego, Antártida e Islas del Atlántico Sur",Unicameral,Legislatura,Acosta,Mónica Mabel,FORJA,2019-2023,F
"Tierra del Fuego, Antártida e Islas del Atlántico Sur",Unicameral,Legislatura,Greve,Federico Jorge,FORJA,2019-2023,M
Tucumán,Unicameral,Legislatura,Herrera,Daniel Alberto,Justicialista de Todos,2019-2023,M
Tucumán,Unicameral,Legislatura,Álvarez,Roque Tobías,Justicialista de Todos,2019-2023,M
Tucumán,Unicameral,Legislatura,Alperovich,Sara,Hacemos Tucumán,2019-2023,F
Tucumán,Unicameral,Legislatura,Albarracín,Raúl Eduardo,PJS - Recuperemos Tucumán,2019-2023,M
Tucumán,Unicameral,Legislatura,Khoder,Zacarías,Justicialista de Todos,2019-2023,M
Tucumán,Unicameral,Legislatura,Monteros,Gonzalo Darío,Justicialista de Todos,2019-2023,M
Tucumán,Unicameral,Legislatura,Leal,Jorge Abraham,Justicialista de Todos,2019-2023,M
Tucumán,Unicameral,Legislatura,Amado,Néstor Regino,Justicialista de Todos,2019-2023,M
Tucumán,Unicameral,Legislatura,Huesen,Mario Gerardo,Fuerza Republicana,2019-2023,F
Tucumán,Unicameral,Legislatura,Silman,Julio Fabio,Hacemos Tucumán,2019-2023,M
Tucumán,Unicameral,Legislatura,Ascárate,José Ricardo,UCR - Hipólito Yrigoyen,2019-2023,M
Tucumán,Unicameral,Legislatura,Mendoza,Sandra Mabriela,Justicialista de Todos,2019-2023,F
Tucumán,Unicameral,Legislatura,Ferrazzano,Raúl Ezequiel,Justicialista de Todos,2019-2023,M
Tucumán,Unicameral,Legislatura,Mansilla,Sergio Francisco,Justicialista de Todos,2019-2023,M
Tucumán,Unicameral,Legislatura,Rojas,Juan Roberto,Fuerza Republicana,2019-2023,M
Tucumán,Unicameral,Legislatura,Morelli,Osvaldo Rubén,Justicialista de Todos,2019-2023,M
Tucumán,Unicameral,Legislatura,Najar,Adriana Del Valle,Justicialista de Todos,2019-2023,F
Tucumán,Unicameral,Legislatura,Najar,Marta Isabel,Justicialista de Todos,2019-2023,F
Tucumán,Unicameral,Legislatura,Orellana,Juan Enrique,Justicialista de Todos,2019-2023,M
Tucumán,Unicameral,Legislatura,Palina,Roberto  Arnaldo,Justicialista de Todos,2019-2023,M
Tucumán,Unicameral,Legislatura,Reyes,Norma Mariela,Justicialista de Todos,2019-2023,F
Tucumán,Unicameral,Legislatura,Casali,Mario César,Fuerza Republicana,2019-2023,M
Tucumán,Unicameral,Legislatura,Gutiérrez,Graciela del Valle,Justicialista de Todos,2019-2023,F
Tucumán,Unicameral,Legislatura,Cortalezzi,Armando Roque,Justicialista de Todos,2019-2023,M
Tucumán,Unicameral,Legislatura,Galván,Paula Luján,Justicialista de Todos,2019-2023,F
Tucumán,Unicameral,Legislatura,Ruíz Olivares,Juan Antonio,Justicialista de Todos,2019-2023,M
Tucumán,Unicameral,Legislatura,Assán,Carlos Sebastián,Justicialista de Todos,2019-2023,M
Tucumán,Unicameral,Legislatura,Berarducci,Walter Fabián,PJS - Recuperemos Tucumán,2019-2023,M
Tucumán,Unicameral,Legislatura,Bourle,Eduardo Alberto,Lealtad Peronista,2019-2023,M
Tucumán,Unicameral,Legislatura,Bussi,Ricardo Argentino,Fuerza Republicana,2019-2023,M
Tucumán,Unicameral,Legislatura,Canelada,José María,Unión Cívica Radical,2019-2023,M
Tucumán,Unicameral,Legislatura,Caponio,Tulio Enrique,Justicialista de Todos,2019-2023,M
Tucumán,Unicameral,Legislatura,Deiana,Víctor Daniel,Justicialista de Todos,2019-2023,M
Tucumán,Unicameral,Legislatura,Rolando Loza,Dante,Justicialista de Todos,2019-2023,M
Tucumán,Unicameral,Legislatura,Augusto Masso,Federico,Libres del Sur,2019-2023,M
Tucumán,Unicameral,Legislatura,Gómez,Carlos Francisco,Justicialista de Todos,2019-2023,M
Tucumán,Unicameral,Legislatura,Javier Morof,Mario,Justicialista de Todos,2019-2023,M
Tucumán,Unicameral,Legislatura,Pecci,Nádima del Valle,Fuerza Republicana,2019-2023,F
Tucumán,Unicameral,Legislatura,Pellegrini,Raúl César,PJS - Recuperemos Tucumán,2019-2023,M
Tucumán,Unicameral,Legislatura,Ramírez,Edgar Reneé,Justicialista de Todos,2019-2023,M
Tucumán,Unicameral,Legislatura,Ternavasio,Paulo Gabriel,Fuerza Republicana,2019-2023,M
Tucumán,Unicameral,Legislatura,Tirado,Sandra Marcela,Justicialista de Todos,2019-2023,F
Tucumán,Unicameral,Legislatura,Vargas Aignasse,Gerónimo,Justicialista de Todos,2019-2023,M
Tucumán,Unicameral,Legislatura,Vermal,José Horacio,Fuerza Republicana,2019-2023,M
Tucumán,Unicameral,Legislatura,Alfaro,Pablo Agustín,Justicialista de Todos,2019-2023,M
Tucumán,Unicameral,Legislatura,Bethencourt,Enrique Fabián,Justicialista de Todos,2019-2023,M
Tucumán,Unicameral,Legislatura,Cobos,Eduardo Alberto,Justicialista de Todos,2019-2023,M
Tucumán,Unicameral,Legislatura,Orquera,Sandra del Valle,Fuerza Republicana,2019-2023,F
Tucumán,Unicameral,Legislatura,Yapura,Manuel Jorge,Justicialista de Todos,2019-2023,M
